Counter,Time,PM2.5,PM10
1,0.6114192008972168,0.2,0.2
3,1.8083326816558838,0.2,0.2
5,3.0188775062561035,0.2,0.2
7,4.216279029846191,0.2,0.2
9,5.413145065307617,0.2,0.2
11,6.6105828285217285,0.2,0.2
13,7.817221164703369,0.3,0.3
15,9.02455186843872,0.2,0.2
17,10.22170352935791,0.2,0.2
19,11.4187593460083,0.2,0.2
21,12.617394208908081,0.2,0.2
23,13.825730800628662,0.2,0.2
25,15.026654720306396,0.2,0.2
27,16.245028018951416,0.2,0.2
29,17.45280432701111,0.2,0.2
31,18.660799980163574,0.2,0.2
33,19.867820501327515,0.2,0.2
35,21.075916290283203,0.2,0.2
37,22.273995399475098,0.2,0.2
39,23.476458311080933,0.2,0.2
41,24.685966730117798,0.2,0.2
43,25.888397693634033,0.2,0.2
45,27.08457660675049,0.2,0.2
47,28.281088829040527,0.2,0.2
49,29.477753162384033,0.2,0.2
51,30.67666983604431,0.2,0.2
53,31.875866651535034,0.2,0.2
55,33.08025121688843,0.2,0.3
57,34.27639174461365,0.2,0.3
59,35.47408986091614,0.2,0.3
61,36.67356491088867,0.2,0.3
63,37.872042417526245,0.3,0.3
65,39.07175612449646,0.3,0.3
67,40.27004909515381,0.2,0.3
69,41.46877384185791,0.3,0.3
71,42.67199921607971,0.2,0.3
73,43.88240385055542,0.2,0.3
75,45.079912424087524,0.2,0.3
77,46.27854084968567,0.3,0.3
79,47.477203369140625,0.2,0.3
81,48.67854976654053,0.3,0.3
83,49.87518835067749,0.3,0.3
85,51.087735414505005,0.3,0.3
87,52.301655530929565,0.4,0.5
89,53.5011203289032,0.7,0.8
91,54.7123703956604,1.7,2.0
93,55.91582441329956,3.1,3.7
95,57.12416481971741,4.2,5.2
97,58.32719945907593,6.8,8.2
99,59.53279447555542,11.5,14.3
101,60.73286294937134,17.0,21.4
103,61.92942142486572,19.0,24.2
105,63.127591133117676,26.1,32.1
107,64.33439421653748,29.9,36.7
109,65.53045535087585,36.3,45.2
111,66.74865436553955,44.4,54.9
113,67.9446280002594,53.5,65.5
115,69.1651394367218,57.3,70.0
117,70.36639165878296,66.6,81.2
119,71.57873821258545,78.2,94.7
121,72.78963661193848,89.3,107.7
123,74.01043272018433,102.8,123.2
125,75.21319651603699,114.6,137.0
127,76.42764163017273,128.5,152.5
129,77.63272404670715,143.5,169.0
131,78.83188462257385,155.1,182.8
133,80.02862787246704,168.8,197.6
135,81.241379737854,183.5,213.8
137,82.4397714138031,196.3,228.3
139,83.64201664924622,210.0,243.5
141,84.83835482597351,228.0,261.4
143,86.03539514541626,245.1,279.4
145,87.25501704216003,263.8,298.9
147,88.45231938362122,283.1,318.9
149,89.64858913421631,297.4,334.5
151,90.84617137908936,310.9,349.7
153,92.04475474357605,327.8,368.5
155,93.24258756637573,349.0,392.1
157,94.43975472450256,365.9,411.0
159,95.63663744926453,382.1,428.9
161,96.83356475830078,396.7,445.0
163,98.03059840202332,415.0,465.3
165,99.2290608882904,425.3,476.7
167,100.42727661132812,439.5,492.6
169,101.62470984458923,449.6,503.6
171,102.82118463516235,459.4,514.5
173,104.01839399337769,466.0,521.7
175,105.2164523601532,483.7,541.4
177,106.41344141960144,495.4,554.2
179,107.61186146736145,504.5,564.2
181,108.80876302719116,515.0,575.8
183,110.00701403617859,523.1,584.7
185,111.20413494110107,533.8,596.4
187,112.40230345726013,542.6,606.1
189,113.60087466239929,552.0,616.6
191,114.80036616325378,565.2,631.1
193,115.99960017204285,576.5,643.8
195,117.1967043876648,585.5,653.8
197,118.39488434791565,597.9,667.7
199,119.59320425987244,610.5,681.8
201,120.79019355773926,619.4,692.0
203,121.98848986625671,628.3,701.9
205,123.18668413162231,635.7,710.4
207,124.3849401473999,641.5,717.1
209,125.5836820602417,651.5,728.3
211,126.78264570236206,660.0,737.7
213,127.97964334487915,666.6,745.1
215,129.180424451828,671.6,750.9
217,130.37865710258484,679.5,759.8
219,131.57572960853577,684.8,765.9
221,132.7739281654358,692.2,774.3
223,133.97213983535767,699.7,782.8
225,135.17022442817688,708.4,792.6
227,136.36746048927307,716.7,802.0
229,137.5656886100769,727.0,813.7
231,138.7626621723175,736.8,824.7
233,139.95982670783997,748.5,838.0
235,141.15680623054504,755.6,846.1
237,142.3549280166626,764.2,856.1
239,143.55204486846924,771.6,864.5
241,144.74896383285522,777.4,871.1
243,145.94722151756287,783.6,878.1
245,147.14545702934265,789.1,884.6
247,148.34369206428528,795.8,892.3
249,149.5411674976349,799.5,896.5
251,150.7389771938324,803.6,901.4
253,151.9358594417572,807.2,905.6
255,153.132954120636,811.9,911.0
257,154.32989263534546,816.1,915.9
259,155.52688479423523,818.4,918.8
261,156.72506284713745,821.1,921.9
263,157.92213582992554,825.3,926.9
265,159.120379447937,827.8,929.7
267,160.31867694854736,830.4,932.7
269,161.51563692092896,834.4,937.3
271,162.71432280540466,840.2,944.0
273,163.91075921058655,843.6,948.1
275,165.10788369178772,845.4,950.2
277,166.30779671669006,847.5,952.9
279,167.50727772712708,850.5,956.6
281,168.7050018310547,853.0,960.3
283,169.90196657180786,854.0,964.5
285,171.0990550518036,856.6,968.5
287,172.29776573181152,857.7,970.2
289,173.49773120880127,859.2,973.9
291,174.69807481765747,861.7,979.5
293,175.89745140075684,863.3,982.0
295,177.0983030796051,864.0,983.5
297,178.29777550697327,864.4,984.3
299,179.49704766273499,866.1,987.7
301,180.69653868675232,869.1,993.1
303,181.89618515968323,871.0,996.5
305,183.09589290618896,874.4,1003.2
307,184.29519772529602,875.0,1004.7
309,185.49465608596802,875.9,1007.5
311,186.6938281059265,877.0,1009.4
313,187.89223074913025,877.7,1012.1
315,189.09190845489502,879.1,1014.7
317,190.29125547409058,878.5,1015.3
319,191.48963928222656,880.8,1018.1
321,192.68933582305908,881.9,1020.0
323,193.88861060142517,881.7,1021.2
325,195.08713269233704,882.7,1025.2
327,196.28658413887024,885.4,1029.9
329,197.4864628314972,887.9,1035.2
331,198.68536043167114,890.0,1038.4
333,199.88493752479553,891.9,1040.5
335,201.08456373214722,893.2,1042.1
337,202.283944606781,894.6,1044.4
339,203.48345971107483,895.7,1046.4
341,204.68300771713257,896.7,1048.9
343,205.88156032562256,897.3,1048.9
345,207.08111095428467,898.9,1052.7
347,208.28063297271729,902.2,1059.0
349,209.48004031181335,905.5,1063.2
351,210.67939114570618,906.5,1065.4
353,211.8788983821869,908.2,1068.8
355,213.07856130599976,910.0,1073.4
357,214.27788829803467,910.9,1075.6
359,215.47750568389893,912.7,1080.1
361,216.67705535888672,913.0,1081.9
363,217.87642669677734,915.3,1087.4
365,219.07482433319092,914.6,1087.1
367,220.27421641349792,915.7,1091.1
369,221.4741849899292,917.3,1095.5
371,222.6732952594757,918.0,1097.4
373,223.8726842403412,920.3,1101.2
375,225.07101464271545,920.8,1102.4
377,226.27066254615784,922.9,1106.6
379,227.47018027305603,923.4,1108.5
381,228.66960215568542,924.2,1111.0
383,229.86911940574646,925.6,1111.6
385,231.0686936378479,927.7,1115.2
387,232.2680470943451,928.8,1116.8
389,233.46760082244873,929.8,1119.8
391,234.66707015037537,930.6,1122.2
393,235.86663794517517,933.1,1128.8
395,237.0662682056427,935.1,1133.2
397,238.26546216011047,936.3,1136.1
399,239.463965177536,938.3,1140.0
401,240.66336393356323,939.6,1141.1
403,241.86286854743958,942.8,1147.9
405,243.06241130828857,944.8,1151.9
407,244.26195359230042,946.6,1156.4
409,245.46139216423035,947.5,1158.8
411,246.66068577766418,948.9,1163.0
413,247.86025762557983,949.9,1166.3
415,249.058655500412,950.9,1167.7
417,250.25832390785217,953.3,1172.7
419,251.45772409439087,954.9,1177.3
421,252.65705394744873,957.1,1182.8
423,253.8553285598755,958.0,1185.7
425,255.05385756492615,959.6,1190.4
427,256.25342559814453,961.2,1193.7
429,257.4524872303009,962.9,1196.4
431,258.65093874931335,964.7,1200.8
433,259.850373506546,965.9,1203.7
435,261.0500042438507,968.1,1208.5
437,262.2494020462036,969.5,1210.9
439,263.44891333580017,970.1,1214.4
441,264.64718413352966,970.9,1216.0
443,265.8466422557831,972.7,1222.1
445,267.0449025630951,973.7,1226.3
447,268.2434558868408,975.2,1230.0
449,269.44001388549805,975.6,1231.4
451,270.63707184791565,975.9,1233.2
453,271.8339931964874,975.5,1233.2
455,273.0311222076416,976.1,1236.3
457,274.228102684021,976.5,1238.3
459,275.4250977039337,977.5,1240.6
461,276.623263835907,977.9,1243.7
463,277.821594953537,978.1,1244.0
465,279.0200185775757,978.4,1246.5
467,280.21857166290283,979.1,1249.3
469,281.4180734157562,979.9,1252.8
471,282.6169991493225,980.1,1252.6
473,283.81403255462646,982.4,1258.5
475,285.0111405849457,982.6,1261.3
477,286.2096149921417,983.0,1263.1
479,287.4091839790344,983.4,1264.7
481,288.60859870910645,983.4,1264.6
483,289.8069305419922,983.8,1266.5
485,291.006489276886,984.8,1267.6
487,292.20592856407166,984.7,1267.9
489,293.40531730651855,985.7,1271.4
491,294.6036744117737,986.4,1274.8
493,295.80302357673645,987.2,1276.9
495,297.00142431259155,987.4,1279.1
497,298.2008078098297,988.5,1283.0
499,299.4003736972809,989.5,1286.8
501,300.59984493255615,990.6,1290.9
503,301.79931116104126,990.4,1291.1
505,302.99888348579407,991.4,1292.2
507,304.1983916759491,992.2,1295.7
509,305.39789485931396,993.6,1297.7
511,306.59750604629517,994.6,1300.2
513,307.79594445228577,996.4,1303.7
515,308.99551153182983,997.4,1306.4
517,310.19486784935,998.8,1310.2
519,311.3944959640503,999.4,1311.9
521,312.5939631462097,999.9,1315.0
523,313.79366421699524,999.9,1318.6
525,314.9935190677643,999.9,1320.1
527,316.1925973892212,999.9,1320.5
529,317.39212131500244,999.9,1320.3
531,318.5916566848755,999.9,1323.3
533,319.7911388874054,999.9,1321.8
535,320.9906220436096,999.9,1322.5
537,322.19020318984985,999.9,1323.5
539,323.38963627815247,999.9,1323.3
541,324.58888721466064,999.9,1325.2
543,325.78850841522217,999.9,1325.9
545,326.98806858062744,999.9,1328.6
547,328.1875991821289,999.9,1332.1
549,329.3869593143463,999.9,1332.5
551,330.58633065223694,999.9,1332.0
553,331.7846465110779,999.9,1332.8
555,332.9841892719269,999.9,1336.0
557,334.18360781669617,999.9,1336.7
559,335.3829085826874,999.9,1335.1
561,336.5813412666321,999.9,1337.2
563,337.7806751728058,999.9,1339.1
565,338.9791078567505,999.9,1339.3
567,340.1787357330322,999.9,1339.1
569,341.37812304496765,999.9,1339.8
571,342.5777368545532,999.9,1342.4
573,343.77719712257385,999.9,1342.7
575,344.97624158859253,999.9,1342.3
577,346.1731946468353,999.9,1341.3
579,347.37073731422424,999.9,1344.6
581,348.5702962875366,999.9,1344.3
583,349.7697513103485,999.9,1346.1
585,350.96919322013855,999.9,1347.1
587,352.1687476634979,999.9,1347.9
589,353.3682761192322,999.9,1350.8
591,354.5676393508911,999.9,1352.5
593,355.7671320438385,999.9,1355.3
595,356.9666602611542,999.9,1358.2
597,358.1658709049225,999.9,1359.8
599,359.3641495704651,999.9,1364.5
601,360.5624809265137,999.9,1367.3
603,361.7614006996155,999.9,1370.5
605,362.96054911613464,999.9,1370.8
607,364.15998435020447,999.9,1372.7
609,365.3594272136688,999.9,1373.7
611,366.558641910553,999.9,1377.1
613,367.75682950019836,999.9,1379.1
615,368.95530438423157,999.9,1379.3
617,370.15505719184875,999.9,1380.5
619,371.3544554710388,999.9,1384.3
621,372.55384278297424,999.9,1385.2
623,373.75218749046326,999.9,1388.0
625,374.9517447948456,999.9,1391.8
627,376.1514186859131,999.9,1394.7
629,377.35086011886597,999.9,1396.3
631,378.5502049922943,999.9,1399.1
633,379.74969363212585,999.9,1401.2
635,380.9482231140137,999.9,1401.9
637,382.1474299430847,999.9,1404.5
639,383.3471477031708,999.9,1404.3
641,384.54656076431274,999.9,1405.7
643,385.74453258514404,999.9,1407.5
645,386.9431219100952,999.9,1409.9
647,388.1427900791168,999.9,1412.5
649,389.34222173690796,999.9,1414.3
651,390.54154348373413,999.9,1416.4
653,391.7410707473755,999.9,1417.2
655,392.9395694732666,999.9,1417.1
657,394.13907122612,999.9,1418.5
659,395.33857893943787,999.9,1416.2
661,396.53812527656555,999.9,1416.3
663,397.7375330924988,999.9,1415.6
665,398.93710112571716,999.9,1418.1
667,400.1364710330963,999.9,1417.7
669,401.33587670326233,999.9,1420.7
671,402.5353829860687,999.9,1422.9
673,403.734885931015,999.9,1425.3
675,404.93433952331543,999.9,1428.8
677,406.1337454319,999.9,1431.6
679,407.33210730552673,999.9,1431.9
681,408.5322334766388,999.9,1431.6
683,409.732528924942,999.9,1432.8
685,410.93200492858887,999.9,1432.9
687,412.1314857006073,999.9,1432.5
689,413.3309144973755,999.9,1434.9
691,414.53046441078186,999.9,1436.6
693,415.73004722595215,999.9,1439.5
695,416.9295377731323,999.9,1444.1
697,418.12890434265137,999.9,1446.9
699,419.3284547328949,999.9,1449.3
701,420.5280351638794,999.9,1450.0
703,421.72736382484436,999.9,1451.7
705,422.92692279815674,999.9,1453.4
707,424.12637209892273,999.9,1455.6
709,425.32588291168213,999.9,1458.4
711,426.52515411376953,999.9,1458.8
713,427.72471380233765,999.9,1459.6
715,428.92411255836487,999.9,1462.1
717,430.12244844436646,999.9,1463.7
719,431.321982383728,999.9,1466.2
721,432.52160930633545,999.9,1468.7
723,433.72093772888184,999.9,1471.1
725,434.9205975532532,999.9,1471.8
727,436.1199448108673,999.9,1473.0
729,437.3182256221771,999.9,1472.0
731,438.5176486968994,999.9,1469.8
733,439.71720576286316,999.9,1468.0
735,440.9167354106903,999.9,1466.4
737,442.11614656448364,999.9,1466.4
739,443.3156192302704,999.9,1468.4
741,444.5138964653015,999.9,1470.4
743,445.71330404281616,999.9,1472.4
745,446.9117648601532,999.9,1473.6
747,448.1110818386078,999.9,1474.9
749,449.310706615448,999.9,1475.0
751,450.5104103088379,999.9,1474.5
753,451.70974016189575,999.9,1474.6
755,452.9091594219208,999.9,1473.1
757,454.1087384223938,999.9,1473.4
759,455.30867743492126,999.9,1473.9
761,456.50758051872253,999.9,1475.6
763,457.7069990634918,999.9,1475.7
765,458.90408658981323,999.9,1475.1
767,460.1011276245117,999.9,1474.7
769,461.30062341690063,999.9,1474.8
771,462.5002021789551,999.9,1476.7
773,463.6997137069702,999.9,1479.0
775,464.89934825897217,999.9,1482.0
777,466.09876441955566,999.9,1481.5
779,467.29842042922974,999.9,1483.1
781,468.49808287620544,999.9,1482.4
783,469.6974849700928,999.9,1483.7
785,470.896986246109,999.9,1481.9
787,472.09646797180176,999.9,1482.8
789,473.2960331439972,999.9,1485.0
791,474.49546337127686,999.9,1489.4
793,475.69506001472473,999.9,1492.9
795,476.8944687843323,999.9,1497.7
797,478.0931832790375,999.9,1499.9
799,479.29231905937195,999.9,1501.3
801,480.4905836582184,999.9,1503.2
803,481.6899764537811,999.9,1502.5
805,482.88954067230225,999.9,1503.4
807,484.08903980255127,999.9,1505.5
809,485.2886881828308,999.9,1506.7
811,486.48528027534485,999.9,1509.9
813,487.68223786354065,999.9,1511.1
815,488.87941575050354,999.9,1512.6
817,490.0774564743042,999.9,1514.7
819,491.2756838798523,999.9,1515.0
821,492.4739146232605,999.9,1518.7
823,493.6726815700531,999.9,1520.8
825,494.8723289966583,999.9,1521.2
827,496.07167315483093,999.9,1523.1
829,497.2712540626526,999.9,1523.3
831,498.4708092212677,999.9,1524.5
833,499.6702449321747,999.9,1527.4
835,500.8696823120117,999.9,1527.8
837,502.0686287879944,999.9,1531.6
839,503.26737570762634,999.9,1532.2
841,504.4671754837036,999.9,1535.1
843,505.6663808822632,999.9,1536.0
845,506.8657715320587,999.9,1540.7
847,508.0648715496063,999.9,1542.9
849,509.26175355911255,999.9,1544.0
851,510.460515499115,999.9,1543.6
853,511.6570870876312,999.9,1541.0
855,512.8540835380554,999.9,1537.0
857,514.0523111820221,999.9,1537.5
859,515.2494668960571,999.9,1537.7
861,516.4475588798523,999.9,1540.1
863,517.6444988250732,999.9,1541.7
865,518.8427879810333,999.9,1541.2
867,520.039849281311,999.9,1543.9
869,521.2368760108948,999.9,1546.6
871,522.4339077472687,999.9,1548.0
873,523.6320154666901,999.9,1551.1
875,524.8308298587799,999.9,1554.7
877,526.0286016464233,999.9,1555.3
879,527.2255756855011,999.9,1558.3
881,528.423994064331,999.9,1558.6
883,529.620849609375,999.9,1559.0
885,530.8178536891937,999.9,1563.5
887,532.0162119865417,999.9,1565.4
889,533.2131545543671,999.9,1567.4
891,534.4103529453278,999.9,1568.1
893,535.6085634231567,999.9,1566.6
895,536.805403470993,999.9,1567.7
897,538.0037882328033,999.9,1568.0
899,539.2008185386658,999.9,1570.5
901,540.3991405963898,999.9,1571.8
903,541.5961363315582,999.9,1574.1
905,542.793163061142,999.9,1575.5
907,543.9914429187775,999.9,1577.5
909,545.1897113323212,999.9,1580.0
911,546.38800740242,999.9,1582.5
913,547.5860476493835,999.9,1585.2
915,548.7848522663116,999.9,1589.2
917,549.9826936721802,999.9,1590.7
919,551.1808614730835,999.9,1594.7
921,552.3781015872955,999.9,1593.6
923,553.5749263763428,999.9,1593.4
925,554.7745683193207,999.9,1599.0
927,555.972817659378,999.9,1600.7
929,557.1698734760284,999.9,1601.7
931,558.3668274879456,999.9,1602.7
933,559.565039396286,999.9,1602.0
935,560.7624673843384,999.9,1601.0
937,561.9589364528656,999.9,1599.7
939,563.1558496952057,999.9,1601.0
941,564.3529534339905,999.9,1601.1
943,565.549886226654,999.9,1603.0
945,566.7469751834869,999.9,1603.1
947,567.9451034069061,999.9,1603.1
949,569.1421685218811,999.9,1601.8
951,570.3392045497894,999.9,1602.6
953,571.536416053772,999.9,1603.3
955,572.7359535694122,999.9,1604.1
957,573.9354476928711,999.9,1608.8
959,575.133786201477,999.9,1611.0
961,576.3330693244934,999.9,1612.1
963,577.5299777984619,999.9,1611.0
965,578.7269585132599,999.9,1611.1
967,579.9253380298615,999.9,1610.3
969,581.1221914291382,999.9,1613.0
971,582.322117805481,999.9,1614.5
973,583.521509885788,999.9,1616.9
975,584.721045255661,999.9,1618.1
977,585.920610666275,999.9,1619.0
979,587.120019197464,999.9,1617.2
981,588.3196382522583,999.9,1618.3
983,589.5189738273621,999.9,1621.6
985,590.7183451652527,999.9,1621.0
987,591.918329000473,999.9,1621.2
989,593.1177656650543,999.9,1620.6
991,594.3172190189362,999.9,1619.9
993,595.5141425132751,999.9,1621.6
995,596.7106602191925,999.9,1624.4
997,597.9076054096222,999.9,1627.4
999,599.1063668727875,999.9,1627.2
1001,600.305909872055,999.9,1630.1
1003,601.5023725032806,999.9,1629.8
1005,602.6993408203125,999.9,1628.8
1007,603.8981521129608,999.9,1632.5
1009,605.097574710846,999.9,1635.7
1011,606.2970900535583,999.9,1636.0
1013,607.4952747821808,999.9,1639.8
1015,608.6946861743927,999.9,1641.3
1017,609.8941662311554,999.9,1639.9
1019,611.0937676429749,999.9,1640.3
1021,612.2933037281036,999.9,1641.2
1023,613.4926779270172,999.9,1644.7
1025,614.6908860206604,999.9,1646.6
1027,615.8905303478241,999.9,1648.9
1029,617.0898916721344,999.9,1649.6
1031,618.2883725166321,999.9,1649.8
1033,619.4876449108124,999.9,1651.9
1035,620.6871421337128,999.9,1653.9
1037,621.8866627216339,999.9,1656.2
1039,623.0861825942993,999.9,1658.3
1041,624.2857105731964,999.9,1662.3
1043,625.4851453304291,999.9,1664.3
1045,626.6845715045929,999.9,1665.3
1047,627.8841342926025,999.9,1666.3
1049,629.0826148986816,999.9,1669.0
1051,630.2822649478912,999.9,1671.9
1053,631.4816360473633,999.9,1673.7
1055,632.6811566352844,999.9,1673.3
1057,633.880449295044,999.9,1674.9
1059,635.0800936222076,999.9,1674.7
1061,636.2795758247375,999.9,1671.4
1063,637.4790782928467,999.9,1669.7
1065,638.6785905361176,999.9,1667.5
1067,639.8780686855316,999.9,1664.0
1069,641.0770556926727,999.9,1662.3
1071,642.2756540775299,999.9,1663.0
1073,643.4751229286194,999.9,1658.7
1075,644.6745615005493,999.9,1658.9
1077,645.8740952014923,999.9,1657.5
1079,647.073545217514,999.9,1654.0
1081,648.273179769516,999.9,1652.4
1083,649.4724109172821,999.9,1649.1
1085,650.6707785129547,999.9,1645.0
1087,651.8704469203949,999.9,1642.4
1089,653.0700168609619,999.9,1638.3
1091,654.2696080207825,999.9,1636.4
1093,655.468640089035,999.9,1634.8
1095,656.6654114723206,999.9,1632.4
1097,657.863739490509,999.9,1630.9
1099,659.0619359016418,999.9,1628.6
1101,660.2590675354004,999.9,1624.7
1103,661.457503080368,999.9,1621.5
1105,662.6554732322693,999.9,1616.1
1107,663.8541920185089,999.9,1610.7
1109,665.0539836883545,999.9,1604.7
1111,666.2532072067261,999.9,1597.5
1113,667.4525635242462,999.9,1591.0
1115,668.652096748352,999.9,1585.5
1117,669.8513674736023,999.9,1579.7
1119,671.0508460998535,999.9,1576.5
1121,672.2505061626434,999.9,1572.9
1123,673.4499995708466,999.9,1571.0
1125,674.6494410037994,999.9,1570.9
1127,675.8489508628845,999.9,1567.3
1129,677.0484104156494,999.9,1565.3
1131,678.2480094432831,999.9,1562.2
1133,679.4474704265594,999.9,1559.7
1135,680.6469578742981,999.9,1554.7
1137,681.8462138175964,999.9,1551.0
1139,683.0445141792297,999.9,1549.8
1141,684.2440669536591,999.9,1546.8
1143,685.4420392513275,999.9,1545.0
1145,686.6389243602753,999.9,1544.2
1147,687.8365135192871,999.9,1540.3
1149,689.0342736244202,999.9,1536.3
1151,690.2318749427795,999.9,1530.7
1153,691.431259393692,999.9,1526.0
1155,692.6307754516602,999.9,1520.9
1157,693.830037355423,999.9,1513.9
1159,695.0284914970398,999.9,1508.4
1161,696.2275717258453,999.9,1503.7
1163,697.4263589382172,999.9,1496.9
1165,698.6258351802826,999.9,1493.4
1167,699.8245320320129,999.9,1487.9
1169,701.0240204334259,999.9,1483.1
1171,702.2235097885132,999.9,1478.5
1173,703.4227674007416,999.9,1474.4
1175,704.6214830875397,999.9,1471.6
1177,705.8203573226929,999.9,1469.0
1179,707.0189414024353,999.9,1466.5
1181,708.2176299095154,999.9,1468.8
1183,709.4177286624908,999.9,1464.9
1185,710.6178390979767,999.9,1461.8
1187,711.817135810852,999.9,1458.3
1189,713.0166413784027,999.9,1454.5
1191,714.2160623073578,999.9,1451.2
1193,715.4157841205597,999.9,1449.4
1195,716.6151978969574,999.9,1448.2
1197,717.8145205974579,999.9,1445.7
1199,719.0129098892212,999.9,1442.2
1201,720.212485074997,999.9,1439.1
1203,721.4118332862854,999.9,1436.2
1205,722.6104099750519,999.9,1434.0
1207,723.8099167346954,999.9,1433.7
1209,725.0093109607697,999.9,1435.1
1211,726.2087643146515,999.9,1434.4
1213,727.4083380699158,999.9,1433.0
1215,728.6077666282654,999.9,1432.2
1217,729.8074390888214,999.9,1431.1
1219,731.0068213939667,999.9,1430.7
1221,732.206360578537,999.9,1430.5
1223,733.405699968338,999.9,1431.7
1225,734.6051926612854,999.9,1433.6
1227,735.8048222064972,999.9,1437.3
1229,737.004545211792,999.9,1440.4
1231,738.2041029930115,999.9,1442.0
1233,739.4036221504211,999.9,1443.1
1235,740.6030850410461,999.9,1442.7
1237,741.8023648262024,999.9,1441.1
1239,743.0018711090088,999.9,1439.0
1241,744.2012939453125,999.9,1433.3
1243,745.3993482589722,999.9,1433.1
1245,746.597464799881,999.9,1430.5
1247,747.794584274292,999.9,1429.7
1249,748.9915502071381,999.9,1427.6
1251,750.1900746822357,999.9,1423.8
1253,751.387054681778,999.9,1421.9
1255,752.5853435993195,999.9,1418.8
1257,753.7836244106293,999.9,1416.7
1259,754.981997013092,999.9,1414.3
1261,756.1789176464081,999.9,1413.0
1263,757.3772768974304,999.9,1412.1
1265,758.5741150379181,999.9,1410.3
1267,759.7724866867065,999.9,1409.2
1269,760.9708399772644,999.9,1405.3
1271,762.1695282459259,999.9,1403.9
1273,763.3685421943665,999.9,1401.0
1275,764.5659761428833,999.9,1398.1
1277,765.7658135890961,999.9,1395.4
1279,766.9650733470917,999.9,1392.7
1281,768.164582490921,999.9,1387.6
1283,769.3635587692261,998.8,1382.1
1285,770.5604565143585,997.1,1376.7
1287,771.7574932575226,995.6,1370.7
1289,772.9544196128845,994.0,1367.2
1291,774.1515715122223,992.9,1365.7
1293,775.3503043651581,992.6,1366.0
1295,776.5498089790344,991.8,1365.5
1297,777.7491526603699,991.7,1365.8
1299,778.9487087726593,991.6,1366.1
1301,780.1487934589386,992.0,1367.1
1303,781.3488214015961,992.3,1365.9
1305,782.5485153198242,993.3,1367.1
1307,783.7480924129486,992.1,1365.8
1309,784.9469451904297,991.9,1364.0
1311,786.1444089412689,992.2,1364.4
1313,787.3437485694885,991.9,1363.6
1315,788.5432608127594,992.1,1363.4
1317,789.7428026199341,992.4,1363.0
1319,790.9424796104431,991.9,1361.9
1321,792.1419467926025,990.8,1360.2
1323,793.3415060043335,990.4,1358.3
1325,794.5409715175629,989.8,1357.2
1327,795.7405030727386,989.7,1355.5
1329,796.9400086402893,988.8,1354.3
1331,798.1394517421722,988.2,1352.6
1333,799.3386693000793,987.9,1351.9
1335,800.5382196903229,987.9,1351.9
1337,801.7376544475555,987.9,1351.8
1339,802.9373142719269,987.3,1350.7
1341,804.1382496356964,987.8,1352.9
1343,805.3374373912811,988.2,1355.4
1345,806.5370845794678,989.0,1356.0
1347,807.7367250919342,989.4,1357.1
1349,808.9361922740936,989.1,1357.0
1351,810.1351358890533,988.7,1355.2
1353,811.3328218460083,988.7,1352.7
1355,812.5322904586792,988.0,1350.5
1357,813.7317798137665,987.0,1348.4
1359,814.9312665462494,986.4,1345.8
1361,816.1307566165924,985.6,1343.5
1363,817.3303093910217,984.0,1341.9
1365,818.5287425518036,983.1,1340.1
1367,819.7252399921417,983.7,1340.9
1369,820.9234802722931,983.5,1340.6
1371,822.1218104362488,982.0,1337.8
1373,823.3213679790497,981.1,1334.4
1375,824.5186648368835,980.0,1331.2
1377,825.7169167995453,978.3,1327.6
1379,826.915563583374,976.9,1325.4
1381,828.1145782470703,976.6,1324.4
1383,829.3116953372955,975.4,1321.5
1385,830.5104131698608,974.9,1317.8
1387,831.7099101543427,974.9,1315.5
1389,832.9074804782867,974.1,1313.8
1391,834.104659318924,973.2,1312.8
1393,835.3034298419952,972.9,1311.9
1395,836.5029020309448,972.1,1310.6
1397,837.7024586200714,971.3,1309.2
1399,838.9019916057587,970.8,1307.4
1401,840.1014578342438,969.7,1303.9
1403,841.3009650707245,968.7,1301.4
1405,842.5005211830139,968.0,1300.3
1407,843.6999969482422,967.2,1299.1
1409,844.8995261192322,966.2,1297.9
1411,846.099102973938,965.7,1297.6
1413,847.2985215187073,964.9,1296.1
1415,848.4978668689728,963.8,1294.8
1417,849.6975960731506,963.5,1293.0
1419,850.8972625732422,963.1,1290.7
1421,852.0968778133392,963.3,1289.7
1423,853.2961964607239,963.5,1288.8
1425,854.4954063892365,962.9,1287.4
1427,855.6926040649414,962.5,1285.7
1429,856.8895473480225,962.8,1286.7
1431,858.0878188610077,964.0,1289.6
1433,859.2859628200531,964.3,1291.0
1435,860.4842920303345,963.6,1289.2
1437,861.6826546192169,963.3,1289.0
1439,862.8808097839355,963.1,1289.0
1441,864.0790681838989,962.6,1287.5
1443,865.2776780128479,962.8,1286.3
1445,866.4768280982971,962.8,1286.6
1447,867.6739253997803,961.5,1285.7
1449,868.8720860481262,961.8,1285.3
1451,870.0708332061768,961.5,1284.5
1453,871.2703185081482,961.2,1283.4
1455,872.4698438644409,960.4,1281.0
1457,873.6698062419891,960.1,1281.3
1459,874.8686621189117,960.4,1281.6
1461,876.0671544075012,960.0,1283.8
1463,877.2667400836945,960.1,1283.3
1465,878.4660589694977,959.4,1281.1
1467,879.6639492511749,959.6,1281.6
1469,880.86088347435,960.0,1280.3
1471,882.0593998432159,959.5,1281.4
1473,883.2576458454132,959.3,1281.0
1475,884.4547431468964,959.4,1279.9
1477,885.6528625488281,959.3,1278.8
1479,886.8499896526337,958.3,1278.3
1481,888.0470254421234,956.5,1274.7
1483,889.2453124523163,955.8,1273.7
1485,890.4439806938171,955.0,1272.3
1487,891.6435735225677,953.8,1270.4
1489,892.8430018424988,953.1,1268.4
1491,894.0425660610199,952.0,1265.5
1493,895.2418165206909,951.5,1263.9
1495,896.4412941932678,951.8,1265.1
1497,897.6408131122589,952.5,1266.2
1499,898.8403697013855,952.6,1267.0
1501,900.0398066043854,951.9,1265.5
1503,901.2395000457764,951.0,1264.8
1505,902.4389040470123,949.8,1263.4
1507,903.6384930610657,949.4,1262.6
1509,904.8378591537476,949.2,1263.7
1511,906.037483215332,949.5,1262.7
1513,907.2370095252991,949.6,1261.2
1515,908.43758893013,947.6,1258.5
1517,909.6371750831604,946.2,1253.9
1519,910.8367183208466,945.0,1250.9
1521,912.0362412929535,944.2,1245.9
1523,913.2356851100922,943.1,1244.5
1525,914.435070514679,942.7,1243.5
1527,915.6344714164734,941.6,1240.4
1529,916.8340520858765,940.9,1239.3
1531,918.0335738658905,940.4,1235.6
1533,919.2328794002533,939.4,1232.1
1535,920.431839466095,939.0,1231.4
1537,921.6335263252258,938.1,1232.4
1539,922.8337643146515,938.3,1233.1
1541,924.0324168205261,938.9,1234.8
1543,925.2320806980133,938.7,1234.1
1545,926.4316143989563,937.9,1233.9
1547,927.6310439109802,938.3,1233.9
1549,928.8305583000183,937.4,1231.9
1551,930.0302350521088,936.8,1230.7
1553,931.2297110557556,935.9,1228.6
1555,932.4292435646057,935.1,1225.9
1557,933.6287035942078,934.5,1223.6
1559,934.8283579349518,934.0,1220.5
1561,936.0276870727539,933.9,1219.6
1563,937.2265665531158,933.9,1220.0
1565,938.4250087738037,934.0,1218.2
1567,939.6229856014252,933.5,1217.5
1569,940.8206408023834,932.5,1214.4
1571,942.0185313224792,931.8,1213.5
1573,943.2155485153198,930.9,1212.8
1575,944.4167041778564,932.6,1214.3
1577,945.616247177124,933.1,1216.6
1579,946.8144698143005,933.5,1218.3
1581,948.0137667655945,932.8,1216.8
1583,949.2106540203094,932.6,1216.3
1585,950.4092109203339,932.0,1216.3
1587,951.6086583137512,931.2,1216.1
1589,952.8083920478821,930.3,1213.3
1591,954.0078754425049,930.0,1212.2
1593,955.205570936203,930.0,1212.5
1595,956.4024910926819,929.6,1211.2
1597,957.599681854248,929.6,1208.5
1599,958.7980735301971,928.8,1206.0
1601,959.9954991340637,928.5,1204.7
1603,961.1962904930115,928.2,1203.2
1605,962.3956816196442,928.6,1203.5
1607,963.5952467918396,927.9,1202.0
1609,964.7946417331696,928.0,1201.5
1611,965.9941909313202,927.3,1199.0
1613,967.1939678192139,926.6,1197.7
1615,968.3931705951691,925.8,1196.0
1617,969.5926141738892,924.3,1193.1
1619,970.7921450138092,923.2,1190.9
1621,971.9918236732483,922.6,1189.9
1623,973.1911339759827,920.9,1185.7
1625,974.390780210495,919.8,1183.5
1627,975.5902917385101,919.4,1181.8
1629,976.7898101806641,918.8,1179.9
1631,977.9893136024475,917.8,1177.2
1633,979.1886825561523,916.4,1174.5
1635,980.3883106708527,915.3,1172.2
1637,981.5879130363464,914.7,1168.6
1639,982.7874341011047,913.5,1165.9
1641,983.986850976944,913.6,1167.8
1643,985.1859107017517,912.4,1166.1
1645,986.3845565319061,911.9,1164.9
1647,987.5840692520142,911.8,1162.1
1649,988.7832772731781,910.3,1161.2
1651,989.9817566871643,909.3,1159.8
1653,991.1815025806427,909.1,1159.7
1655,992.3806042671204,908.8,1158.6
1657,993.5803914070129,908.1,1158.1
1659,994.7797329425812,908.2,1156.7
1661,995.9791729450226,907.0,1154.9
1663,997.1787078380585,906.0,1154.5
1665,998.3764464855194,904.7,1149.8
1667,999.5740432739258,902.8,1148.0
1669,1000.7735197544098,902.3,1146.8
1671,1001.9730007648468,902.0,1146.9
1673,1003.172257900238,902.5,1147.6
1675,1004.3718299865723,902.2,1148.3
1677,1005.5714905261993,903.1,1149.3
1679,1006.7709727287292,903.5,1150.8
1681,1007.9703838825226,903.4,1150.4
1683,1009.1698660850525,903.6,1151.3
1685,1010.3666348457336,904.2,1153.1
1687,1011.5650324821472,903.8,1152.4
1689,1012.7631294727325,903.3,1152.0
1691,1013.9613962173462,903.0,1151.3
1693,1015.1596100330353,904.6,1151.8
1695,1016.3564867973328,904.1,1151.9
1697,1017.554958820343,903.8,1152.3
1699,1018.7531771659851,903.3,1151.7
1701,1019.9513990879059,902.7,1148.9
1703,1021.1498458385468,902.8,1147.8
1705,1022.3467645645142,902.7,1147.6
1707,1023.5438303947449,901.6,1147.8
1709,1024.7407970428467,902.5,1148.4
1711,1025.9379253387451,903.5,1148.4
1713,1027.1349086761475,903.0,1147.6
1715,1028.3319005966187,902.2,1147.0
1717,1029.5288009643555,901.8,1145.8
1719,1030.7257797718048,900.5,1144.2
1721,1031.9227757453918,900.3,1143.5
1723,1033.1210985183716,900.1,1141.4
1725,1034.3210546970367,899.7,1141.1
1727,1035.5206506252289,900.0,1138.8
1729,1036.7242529392242,899.1,1138.0
1731,1037.9212555885315,898.8,1137.6
1733,1039.1291179656982,897.3,1135.0
1735,1040.325851202011,897.2,1135.1
1737,1041.5227048397064,896.4,1135.1
1739,1042.719750404358,895.3,1131.7
1741,1043.9180674552917,894.8,1130.0
1743,1045.1149008274078,895.2,1130.6
1745,1046.3118596076965,894.4,1129.0
1747,1047.5087885856628,894.2,1128.1
1749,1048.7059226036072,894.2,1128.2
1751,1049.9028401374817,894.2,1128.4
1753,1051.1014230251312,892.4,1126.8
1755,1052.2994627952576,892.5,1125.8
1757,1053.497689962387,891.9,1124.1
1759,1054.6958832740784,891.7,1122.4
1761,1055.8932371139526,890.7,1121.1
1763,1057.0898683071136,891.1,1120.6
1765,1058.2868101596832,890.4,1119.1
1767,1059.4838948249817,890.0,1118.4
1769,1060.6809685230255,888.7,1116.1
1771,1061.8793880939484,887.9,1115.7
1773,1063.077926158905,887.6,1114.1
1775,1064.2774543762207,887.2,1112.7
1777,1065.4767427444458,887.3,1113.0
1779,1066.6764032840729,887.6,1113.0
1781,1067.875818490982,886.9,1112.7
1783,1069.0752754211426,885.6,1111.9
1785,1070.2748169898987,885.4,1110.8
1787,1071.47407579422,884.9,1110.4
1789,1072.6724071502686,884.8,1109.3
1791,1073.8718202114105,885.1,1108.6
1793,1075.0702602863312,885.5,1109.0
1795,1076.2696900367737,885.2,1106.5
1797,1077.4693846702576,883.9,1104.5
1799,1078.668620109558,883.5,1104.6
1801,1079.8681795597076,882.6,1104.8
1803,1081.0667145252228,880.9,1102.0
1805,1082.2661352157593,880.7,1099.5
1807,1083.4655895233154,879.4,1097.6
1809,1084.6655282974243,878.4,1096.3
1811,1085.8646230697632,878.0,1095.3
1813,1087.06413936615,878.8,1095.7
1815,1088.2635760307312,878.7,1095.0
1817,1089.4628744125366,878.3,1095.9
1819,1090.6612598896027,878.1,1097.7
1821,1091.8605787754059,878.5,1098.1
1823,1093.058984041214,877.8,1097.3
1825,1094.2586598396301,878.4,1096.3
1827,1095.4581654071808,879.0,1096.6
1829,1096.6575846672058,879.9,1097.3
1831,1097.8570239543915,878.9,1095.8
1833,1099.0565884113312,878.1,1095.0
1835,1100.2560589313507,877.6,1094.8
1837,1101.4555263519287,876.5,1092.3
1839,1102.6548671722412,875.9,1090.4
1841,1103.8542833328247,875.5,1089.3
1843,1105.0538992881775,875.9,1089.6
1845,1106.2533631324768,876.2,1090.7
1847,1107.45166015625,876.7,1092.0
1849,1108.649727344513,876.5,1091.5
1851,1109.846595287323,876.1,1090.7
1853,1111.045449256897,875.6,1089.6
1855,1112.2448289394379,875.5,1089.4
1857,1113.4443755149841,876.0,1088.4
1859,1114.643560409546,874.8,1087.2
1861,1115.84180021286,874.8,1086.1
1863,1117.0403797626495,875.7,1085.3
1865,1118.2393307685852,874.8,1084.2
1867,1119.4378407001495,874.9,1082.9
1869,1120.6375880241394,875.1,1081.2
1871,1121.8370089530945,874.4,1078.9
1873,1123.0365152359009,873.9,1078.0
1875,1124.2361137866974,872.7,1076.9
1877,1125.4356048107147,872.3,1075.6
1879,1126.6349828243256,872.3,1073.6
1881,1127.834444284439,872.0,1073.4
1883,1129.0339887142181,871.6,1072.9
1885,1130.2333781719208,869.7,1071.8
1887,1131.4318339824677,869.2,1070.0
1889,1132.6325631141663,868.1,1069.3
1891,1133.831970691681,867.8,1068.8
1893,1135.0303843021393,867.5,1068.0
1895,1136.229805469513,867.8,1066.9
1897,1137.4292812347412,868.1,1066.8
1899,1138.6286516189575,867.7,1066.2
1901,1139.8270363807678,867.2,1065.9
1903,1141.0265369415283,866.8,1064.5
1905,1142.2259905338287,866.4,1063.1
1907,1143.423980474472,866.0,1062.0
1909,1144.6209902763367,865.6,1061.7
1911,1145.819227218628,864.0,1058.7
1913,1147.016461610794,862.5,1055.9
1915,1148.213338136673,860.6,1054.5
1917,1149.4102022647858,859.7,1052.7
1919,1150.607437133789,860.0,1051.3
1921,1151.8059499263763,858.7,1049.2
1923,1153.004188299179,856.8,1047.1
1925,1154.2015421390533,856.3,1047.0
1927,1155.4011104106903,856.1,1047.3
1929,1156.6004540920258,855.2,1047.1
1931,1157.7998824119568,853.9,1046.8
1933,1158.9994449615479,852.5,1044.0
1935,1160.1988894939423,851.6,1042.5
1937,1161.3984324932098,850.8,1039.9
1939,1162.597916841507,849.8,1038.0
1941,1163.7962317466736,848.7,1038.0
1943,1164.9943442344666,847.8,1036.5
1945,1166.1911671161652,848.6,1037.4
1947,1167.3883836269379,847.8,1036.9
1949,1168.586541891098,848.1,1037.3
1951,1169.7847187519073,847.9,1036.9
1953,1170.9818687438965,847.4,1034.9
1955,1172.1800365447998,846.4,1034.5
1957,1173.3783888816833,844.6,1033.4
1959,1174.576712846756,844.2,1034.5
1961,1175.7761981487274,843.8,1032.4
1963,1176.975796699524,843.3,1032.4
1965,1178.1751730442047,842.8,1031.7
1967,1179.3751299381256,842.5,1031.1
1969,1180.573899269104,841.7,1028.8
1971,1181.7727110385895,841.8,1030.2
1973,1182.9722037315369,842.5,1030.0
1975,1184.1716058254242,843.9,1031.1
1977,1185.3710842132568,843.3,1031.9
1979,1186.5693562030792,842.9,1033.3
1981,1187.7687757015228,843.1,1033.7
1983,1188.968477487564,844.0,1036.2
1985,1190.1676774024963,843.1,1035.1
1987,1191.3671000003815,842.3,1034.0
1989,1192.5665698051453,841.3,1032.5
1991,1193.7648086547852,841.9,1032.0
1993,1194.9616055488586,841.7,1033.3
1995,1196.1586627960205,842.3,1034.8
1997,1197.3555657863617,842.0,1036.3
1999,1198.5537292957306,841.5,1037.0
2001,1199.7507574558258,841.1,1034.5
2003,1200.9491128921509,840.5,1033.7
2005,1202.1472244262695,840.6,1033.2
2007,1203.3459973335266,840.5,1031.6
2009,1204.5448350906372,840.3,1029.0
2011,1205.7419657707214,839.7,1028.4
2013,1206.9408082962036,839.4,1028.6
2015,1208.1371912956238,838.7,1026.8
2017,1209.3340637683868,839.0,1025.5
2019,1210.5311875343323,839.0,1025.3
2021,1211.7294609546661,838.7,1025.5
2023,1212.928269147873,838.1,1023.7
2025,1214.127656698227,837.7,1023.5
2027,1215.3241872787476,837.4,1023.5
2029,1216.5223960876465,836.5,1022.8
2031,1217.7193887233734,836.3,1021.4
2033,1218.9183490276337,834.6,1022.6
2035,1220.1175746917725,833.5,1019.9
2037,1221.317066192627,833.8,1018.7
2039,1222.5166177749634,834.5,1018.9
2041,1223.7160618305206,834.4,1019.5
2043,1224.9156293869019,834.5,1018.6
2045,1226.1127622127533,835.3,1019.5
2047,1227.310921907425,835.3,1019.6
2049,1228.5102903842926,836.3,1020.2
2051,1229.7097725868225,835.8,1020.2
2053,1230.9093542099,835.7,1019.4
2055,1232.1087093353271,835.1,1015.8
2057,1233.3083491325378,835.9,1015.1
2059,1234.5077049732208,836.3,1014.5
2061,1235.7056155204773,836.9,1014.5
2063,1236.9031388759613,836.5,1015.4
2065,1238.1021082401276,835.3,1014.3
2067,1239.3006129264832,834.6,1014.5
2069,1240.4999306201935,833.4,1013.6
2071,1241.6967101097107,833.1,1011.6
2073,1242.8955698013306,832.4,1009.6
2075,1244.0947699546814,832.3,1010.7
2077,1245.2931444644928,832.2,1009.4
2079,1246.492548942566,831.0,1007.0
2081,1247.6908202171326,831.1,1007.2
2083,1248.8904716968536,831.1,1007.9
2085,1250.0899596214294,830.2,1006.8
2087,1251.2894113063812,829.3,1004.9
2089,1252.48885512352,829.5,1005.2
2091,1253.6871237754822,829.0,1005.1
2093,1254.8866884708405,829.9,1005.0
2095,1256.0860707759857,830.0,1005.3
2097,1257.2845754623413,829.2,1004.9
2099,1258.483916759491,828.0,1000.8
2101,1259.683509349823,827.0,998.8
2103,1260.8831341266632,826.1,998.5
2105,1262.0825645923615,825.1,998.4
2107,1263.2820279598236,825.2,997.9
2109,1264.4815111160278,824.7,996.4
2111,1265.6809554100037,824.0,994.9
2113,1266.8805680274963,823.3,995.0
2115,1268.079870223999,823.4,995.5
2117,1269.279390335083,822.6,995.2
2119,1270.4789111614227,821.5,993.1
2121,1271.6784329414368,820.1,992.1
2123,1272.8781530857086,819.8,990.5
2125,1274.0761079788208,819.7,989.3
2127,1275.2729682922363,819.9,988.2
2129,1276.4700531959534,819.3,988.5
2131,1277.6669340133667,818.3,987.8
2133,1278.8640604019165,818.9,989.8
2135,1280.0621786117554,818.5,987.7
2137,1281.259614944458,817.8,987.6
2139,1282.4586851596832,817.1,987.0
2141,1283.655730009079,816.1,985.3
2143,1284.8544697761536,815.7,983.1
2145,1286.0520708560944,815.4,982.6
2147,1287.2492935657501,815.1,982.5
2149,1288.4461207389832,814.3,981.1
2151,1289.6448247432709,813.6,980.0
2153,1290.8442792892456,812.3,977.0
2155,1292.0438828468323,811.2,975.3
2157,1293.243315935135,811.8,975.5
2159,1294.4423549175262,811.6,976.5
2161,1295.6392469406128,811.6,976.3
2163,1296.8362789154053,811.2,974.7
2165,1298.0345528125763,810.9,974.5
2167,1299.231541633606,809.7,972.4
2169,1300.428603887558,808.8,971.7
2171,1301.6256098747253,808.6,970.7
2173,1302.8241875171661,809.1,970.5
2175,1304.0232865810394,808.6,970.4
2177,1305.2220084667206,807.6,969.3
2179,1306.4185817241669,806.4,968.4
2181,1307.6154477596283,804.4,965.3
2183,1308.8141903877258,804.4,964.6
2185,1310.013216972351,804.5,965.6
2187,1311.2102527618408,803.9,965.5
2189,1312.4088249206543,803.4,964.5
2191,1313.6053433418274,802.3,963.4
2193,1314.80233335495,801.0,960.7
2195,1316.000949382782,800.4,959.4
2197,1317.2005684375763,798.9,957.4
2199,1318.4002962112427,799.3,956.1
2201,1319.5994892120361,798.9,953.6
2203,1320.799414396286,797.6,952.8
2205,1321.9986066818237,795.9,950.9
2207,1323.1976492404938,796.1,950.2
2209,1324.3966948986053,796.0,950.4
2211,1325.5958986282349,795.2,948.6
2213,1326.7954986095428,795.5,948.6
2215,1327.9947135448456,795.2,949.1
2217,1329.1942806243896,794.1,947.8
2219,1330.3938353061676,793.5,948.3
2221,1331.593286037445,792.9,946.9
2223,1332.791216135025,792.2,945.2
2225,1333.988421201706,792.1,943.5
2227,1335.1865582466125,791.8,943.8
2229,1336.3836266994476,790.9,942.0
2231,1337.5805432796478,791.0,942.0
2233,1338.7793788909912,790.1,940.4
2235,1339.9788219928741,789.2,938.7
2237,1341.177742242813,789.8,938.0
2239,1342.3747651576996,790.1,939.2
2241,1343.5717124938965,792.2,941.1
2243,1344.7694380283356,791.9,940.3
2245,1345.965763092041,790.9,937.0
2247,1347.1627113819122,789.5,935.4
2249,1348.3602917194366,790.0,934.3
2251,1349.5597171783447,790.8,933.8
2253,1350.7602071762085,790.0,933.0
2255,1351.9585602283478,789.3,932.5
2257,1353.1571989059448,788.4,931.6
2259,1354.3566823005676,786.8,930.9
2261,1355.5531508922577,786.7,931.4
2263,1356.7501113414764,786.4,930.6
2265,1357.9488399028778,786.9,929.2
2267,1359.148431777954,785.6,928.1
2269,1360.3478646278381,785.6,927.2
2271,1361.5443394184113,786.1,927.7
2273,1362.7412314414978,785.9,928.1
2275,1363.9396138191223,786.5,927.8
2277,1365.1382100582123,786.7,927.3
2279,1366.3376722335815,786.9,925.5
2281,1367.5371103286743,786.9,927.0
2283,1368.736658334732,786.8,928.3
2285,1369.9360547065735,786.0,926.5
2287,1371.1357350349426,786.1,926.1
2289,1372.3353111743927,786.4,927.3
2291,1373.534674167633,786.3,926.8
2293,1374.7341532707214,785.4,924.9
2295,1375.9336602687836,784.9,925.1
2297,1377.1332528591156,784.5,925.2
2299,1378.3327314853668,784.2,923.2
2301,1379.5321793556213,783.6,923.4
2303,1380.7316691875458,783.3,923.5
2305,1381.9310493469238,783.0,924.1
2307,1383.1304733753204,783.2,924.1
2309,1384.3288958072662,783.1,924.1
2311,1385.5284399986267,782.9,927.0
2313,1386.7277512550354,783.7,927.9
2315,1387.9273421764374,784.3,927.8
2317,1389.1267366409302,785.4,929.3
2319,1390.3251390457153,786.6,931.3
2321,1391.524580001831,786.5,931.5
2323,1392.7241206169128,786.0,931.2
2325,1393.923501253128,786.0,931.9
2327,1395.1230928897858,785.6,931.9
2329,1396.3225302696228,784.8,931.4
2331,1397.521968126297,784.0,931.2
2333,1398.7216413021088,784.1,930.3
2335,1399.921058177948,782.4,929.6
2337,1401.1206259727478,781.4,928.0
2339,1402.3191125392914,780.0,927.5
2341,1403.5184364318848,778.4,923.9
2343,1404.7180061340332,778.6,922.4
2345,1405.9163000583649,778.9,922.9
2347,1407.114866733551,777.9,922.0
2349,1408.3142437934875,777.9,921.7
2351,1409.5138292312622,777.2,921.1
2353,1410.7133131027222,777.7,922.5
2355,1411.9126694202423,778.4,922.0
2357,1413.1121907234192,776.8,919.9
2359,1414.3120000362396,776.8,920.7
2361,1415.511848449707,776.2,919.2
2363,1416.7109487056732,775.5,918.2
2365,1417.9101974964142,775.1,918.3
2367,1419.1097621917725,774.6,917.0
2369,1420.3093104362488,773.8,916.7
2371,1421.5087294578552,772.9,913.7
2373,1422.708158493042,772.9,914.2
2375,1423.907725572586,772.2,913.4
2377,1425.1073031425476,772.5,912.9
2379,1426.3069126605988,772.3,912.2
2381,1427.5061948299408,772.2,911.7
2383,1428.7044789791107,773.1,912.4
2385,1429.903933763504,772.1,911.5
2387,1431.1021840572357,771.7,910.3
2389,1432.3017947673798,771.4,909.3
2391,1433.5011830329895,772.2,909.9
2393,1434.7006905078888,773.0,911.2
2395,1435.9001631736755,773.9,911.4
2397,1437.0985527038574,773.9,911.9
2399,1438.2981126308441,774.0,911.2
2401,1439.498125076294,775.7,912.8
2403,1440.698373556137,775.5,913.1
2405,1441.8976759910583,775.0,914.3
2407,1443.0972990989685,775.8,913.9
2409,1444.2969319820404,775.1,913.1
2411,1445.4962935447693,775.8,914.3
2413,1446.6957957744598,775.1,912.8
2415,1447.8950643539429,774.7,913.0
2417,1449.0946986675262,775.5,914.1
2419,1450.2943642139435,775.2,915.2
2421,1451.4932820796967,775.2,914.7
2423,1452.6901865005493,774.6,914.6
2425,1453.8886370658875,774.9,914.0
2427,1455.0854597091675,774.9,913.7
2429,1456.2830774784088,774.5,913.9
2431,1457.4822790622711,774.2,913.6
2433,1458.681767463684,772.9,911.5
2435,1459.8812577724457,772.1,912.1
2437,1461.080759525299,771.0,910.6
2439,1462.2804322242737,769.9,908.4
2441,1463.4802119731903,769.0,907.0
2443,1464.6793050765991,768.2,907.0
2445,1465.8787174224854,768.9,907.2
2447,1467.0783462524414,769.5,907.2
2449,1468.2777626514435,768.5,905.9
2451,1469.4773228168488,766.8,902.9
2453,1470.676827430725,764.9,900.3
2455,1471.8761711120605,763.2,898.0
2457,1473.075837135315,762.3,896.5
2459,1474.275403022766,762.1,897.3
2461,1475.4748194217682,761.1,895.9
2463,1476.6739296913147,760.1,894.9
2465,1477.8713917732239,760.3,893.4
2467,1479.0708770751953,759.7,893.1
2469,1480.2705199718475,759.6,892.4
2471,1481.4697487354279,758.3,890.0
2473,1482.669251203537,757.6,890.5
2475,1483.8684723377228,757.2,889.6
2477,1485.0653855800629,756.9,889.3
2479,1486.2628848552704,755.9,886.4
2481,1487.462654352188,755.8,886.9
2483,1488.6617269515991,756.1,886.4
2485,1489.8611197471619,755.9,886.0
2487,1491.0606443881989,754.6,885.1
2489,1492.2602860927582,754.6,884.0
2491,1493.4598808288574,754.2,884.3
2493,1494.6593651771545,754.2,883.7
2495,1495.8586857318878,754.6,882.7
2497,1497.0553922653198,755.0,882.8
2499,1498.2524206638336,754.7,883.1
2501,1499.4498264789581,754.5,883.9
2503,1500.6493165493011,754.7,882.4
2505,1501.848783493042,754.2,881.6
2507,1503.0483849048615,753.6,880.6
2509,1504.2478413581848,753.8,881.1
2511,1505.4470086097717,753.2,880.7
2513,1506.646449804306,753.2,880.7
2515,1507.8449552059174,753.9,880.7
2517,1509.0444416999817,754.1,880.8
2519,1510.2439613342285,754.2,881.3
2521,1511.4432950019836,753.2,879.7
2523,1512.6426050662994,753.3,879.0
2525,1513.8409671783447,752.0,878.0
2527,1515.0404434204102,751.2,877.6
2529,1516.2400918006897,750.5,876.9
2531,1517.4395172595978,749.7,877.1
2533,1518.6389336585999,750.1,876.0
2535,1519.8384149074554,749.8,875.2
2537,1521.0366446971893,748.7,873.3
2539,1522.234890460968,748.7,873.2
2541,1523.4344794750214,747.8,872.1
2543,1524.6327137947083,746.3,869.7
2545,1525.829523563385,745.4,868.1
2547,1527.0264811515808,746.4,869.1
2549,1528.2235896587372,745.3,867.7
2551,1529.4203712940216,745.1,866.4
2553,1530.6186621189117,745.0,865.4
2555,1531.8172709941864,744.3,864.3
2557,1533.015226840973,743.5,864.4
2559,1534.2122631072998,743.8,863.8
2561,1535.410742521286,744.1,863.4
2563,1536.6086292266846,743.3,863.6
2565,1537.8070771694183,742.8,863.2
2567,1539.0052642822266,743.0,863.7
2569,1540.2023615837097,743.5,864.3
2571,1541.3993322849274,743.4,864.2
2573,1542.5965163707733,742.9,863.9
2575,1543.7956790924072,742.2,864.7
2577,1544.9927084445953,741.4,863.0
2579,1546.1910905838013,740.5,861.7
2581,1547.3879234790802,741.0,863.0
2583,1548.5865597724915,740.6,862.8
2585,1549.7859811782837,740.9,861.7
2587,1550.9843385219574,740.2,861.1
2589,1552.1839473247528,740.4,862.2
2591,1553.3821828365326,740.0,862.0
2593,1554.5815188884735,739.2,861.5
2595,1555.7809264659882,737.6,859.1
2597,1556.9804446697235,736.8,857.9
2599,1558.178781747818,736.3,856.5
2601,1559.3767063617706,736.5,857.0
2603,1560.57364487648,737.7,858.9
2605,1561.7718496322632,736.3,857.6
2607,1562.9689559936523,736.1,856.8
2609,1564.1677536964417,736.5,856.9
2611,1565.3654263019562,736.9,857.3
2613,1566.5622746944427,735.7,856.2
2615,1567.7611904144287,735.8,856.6
2617,1568.9606397151947,736.0,856.2
2619,1570.1601300239563,735.7,855.7
2621,1571.3565714359283,734.3,853.5
2623,1572.5537476539612,734.5,852.2
2625,1573.7524361610413,733.6,851.9
2627,1574.9518666267395,731.8,849.7
2629,1576.1513612270355,730.4,847.6
2631,1577.3508141040802,730.5,847.3
2633,1578.5500662326813,728.9,845.6
2635,1579.748421907425,727.8,843.9
2637,1580.9462728500366,727.5,844.4
2639,1582.143738269806,726.8,843.3
2641,1583.343111038208,725.9,842.9
2643,1584.5425698757172,725.4,842.5
2645,1585.7420749664307,724.6,842.1
2647,1586.941683292389,723.5,840.5
2649,1588.1410982608795,722.2,838.9
2651,1589.3406286239624,722.2,838.5
2653,1590.5401582717896,721.3,837.5
2655,1591.738572359085,721.3,838.3
2657,1592.936975479126,721.8,838.8
2659,1594.1364114284515,721.3,838.5
2661,1595.3358681201935,720.5,837.2
2663,1596.5353827476501,720.3,837.5
2665,1597.7348914146423,721.2,837.4
2667,1598.9344573020935,720.3,836.9
2669,1600.1338520050049,719.9,838.2
2671,1601.3321115970612,719.5,837.3
2673,1602.5304684638977,720.5,838.5
2675,1603.728797674179,720.7,838.9
2677,1604.9284708499908,720.1,838.2
2679,1606.1278233528137,719.5,838.2
2681,1607.327445268631,719.6,838.8
2683,1608.5270273685455,718.8,837.6
2685,1609.7266499996185,718.9,836.6
2687,1610.9259831905365,719.5,837.8
2689,1612.125512123108,719.5,836.6
2691,1613.3248240947723,719.1,837.0
2693,1614.5244724750519,719.7,836.5
2695,1615.724114894867,719.3,834.7
2697,1616.9224457740784,719.2,833.1
2699,1618.1219506263733,718.7,831.8
2701,1619.318639755249,718.5,830.3
2703,1620.515667438507,717.9,828.6
2705,1621.712708234787,717.8,828.5
2707,1622.9098136425018,718.3,827.8
2709,1624.1066336631775,718.9,827.2
2711,1625.3050327301025,718.3,825.9
2713,1626.5031731128693,719.2,826.3
2715,1627.7015643119812,719.8,827.1
2717,1628.8985478878021,719.5,827.7
2719,1630.0966911315918,720.1,828.4
2721,1631.2949523925781,719.3,827.4
2723,1632.4918749332428,718.3,825.2
2725,1633.688904762268,717.7,825.3
2727,1634.8871710300446,717.0,824.0
2729,1636.0840668678284,716.3,821.6
2731,1637.2824001312256,715.8,821.3
2733,1638.479483127594,714.6,820.4
2735,1639.6777198314667,714.1,819.3
2737,1640.8757269382477,713.4,818.1
2739,1642.0741217136383,712.2,817.5
2741,1643.275490283966,713.4,819.4
2743,1644.4737713336945,713.4,820.3
2745,1645.6718039512634,713.9,821.2
2747,1646.8713324069977,714.3,821.1
2749,1648.0708494186401,714.3,822.3
2751,1649.2702326774597,714.1,821.8
2753,1650.4696066379547,713.9,822.0
2755,1651.6691133975983,714.8,823.3
2757,1652.8698370456696,714.3,824.5
2759,1654.071296453476,714.6,825.4
2761,1655.2706489562988,714.4,825.9
2763,1656.4697558879852,713.9,825.9
2765,1657.6667544841766,713.3,825.2
2767,1658.865451335907,713.3,826.6
2769,1660.0620696544647,712.3,826.6
2771,1661.2590174674988,712.2,826.1
2773,1662.4560241699219,711.3,826.1
2775,1663.6548826694489,711.4,826.9
2777,1664.8542675971985,711.2,825.0
2779,1666.0537583827972,709.8,822.4
2781,1667.252747297287,710.4,822.8
2783,1668.451428413391,709.9,822.2
2785,1669.6511619091034,708.7,820.5
2787,1670.8475179672241,708.8,820.8
2789,1672.0463061332703,707.9,820.0
2791,1673.2452449798584,707.4,819.6
2793,1674.4436042308807,707.4,819.1
2795,1675.6423528194427,706.3,818.5
2797,1676.8418188095093,706.8,818.6
2799,1678.0395121574402,707.4,818.4
2801,1679.2382335662842,705.8,816.5
2803,1680.4376409053802,704.8,815.6
2805,1681.6387295722961,703.8,814.1
2807,1682.8382754325867,702.3,813.1
2809,1684.0376255512238,702.3,812.8
2811,1685.2365295886993,702.2,811.6
2813,1686.4352939128876,701.8,811.4
2815,1687.6346776485443,701.7,811.3
2817,1688.8342571258545,702.1,811.0
2819,1690.033899307251,702.1,808.6
2821,1691.2334208488464,701.5,807.1
2823,1692.432877779007,700.6,806.0
2825,1693.6324169635773,701.1,806.1
2827,1694.8318977355957,700.6,804.3
2829,1696.0312876701355,701.1,804.5
2831,1697.2308859825134,701.0,804.6
2833,1698.4303832054138,700.5,803.0
2835,1699.6315650939941,699.5,801.6
2837,1700.830861568451,699.3,801.6
2839,1702.0307307243347,700.0,803.3
2841,1703.2298517227173,699.9,802.2
2843,1704.4295325279236,700.2,802.1
2845,1705.628970861435,701.5,803.2
2847,1706.8284990787506,701.2,804.0
2849,1708.0276346206665,702.2,804.9
2851,1709.2274289131165,701.7,803.4
2853,1710.4269206523895,701.4,803.4
2855,1711.6263954639435,700.7,803.1
2857,1712.825864315033,700.0,802.4
2859,1714.0251123905182,699.8,801.8
2861,1715.2248122692108,699.5,801.7
2863,1716.4242947101593,698.9,801.4
2865,1717.6238195896149,698.9,801.4
2867,1718.823391675949,698.7,800.3
2869,1720.0229444503784,698.2,799.9
2871,1721.222405910492,697.0,799.1
2873,1722.4218537807465,697.0,798.9
2875,1723.621409893036,696.2,798.5
2877,1724.8209161758423,696.2,797.7
2879,1726.0208251476288,695.9,799.8
2881,1727.2199130058289,696.0,799.7
2883,1728.419320821762,696.4,799.7
2885,1729.6178567409515,695.8,799.8
2887,1730.817472934723,696.0,800.9
2889,1732.0169095993042,695.2,800.7
2891,1733.216478586197,694.4,798.8
2893,1734.4159054756165,694.1,798.3
2895,1735.6181325912476,693.7,797.5
2897,1736.8175384998322,693.1,797.9
2899,1738.0169353485107,692.3,797.8
2901,1739.2164978981018,691.2,797.7
2903,1740.4159727096558,690.9,798.3
2905,1741.6155586242676,690.5,799.1
2907,1742.8137245178223,691.2,799.4
2909,1744.0132281780243,691.0,798.1
2911,1745.2153713703156,690.9,799.0
2913,1746.412826538086,691.1,799.0
2915,1747.612373828888,691.3,797.6
2917,1748.8117988109589,690.9,798.3
2919,1750.0115957260132,690.3,797.3
2921,1751.21080160141,690.5,796.6
2923,1752.410078048706,690.9,795.9
2925,1753.606915473938,691.3,796.1
2927,1754.8038687705994,691.4,796.5
2929,1756.0021967887878,691.2,795.5
2931,1757.2005014419556,692.0,796.0
2933,1758.3989403247833,691.3,794.8
2935,1759.5987045764923,690.9,793.5
2937,1760.7981917858124,689.9,793.2
2939,1761.9976394176483,689.2,792.4
2941,1763.197068452835,689.9,793.4
2943,1764.3965508937836,689.8,793.7
2945,1765.5961139202118,688.9,792.7
2947,1766.795548915863,688.2,792.0
2949,1767.9948768615723,687.7,790.2
2951,1769.1943216323853,688.3,792.1
2953,1770.3937747478485,687.9,791.6
2955,1771.5921337604523,686.7,789.7
2957,1772.7915880680084,686.5,788.7
2959,1773.9914019107819,685.5,786.9
2961,1775.1905641555786,685.7,786.6
2963,1776.3902032375336,685.2,785.4
2965,1777.5896270275116,684.0,783.5
2967,1778.7873921394348,682.2,781.8
2969,1779.9843690395355,681.1,781.3
2971,1781.181446313858,680.8,780.7
2973,1782.378428697586,680.7,780.2
2975,1783.5759949684143,680.6,780.1
2977,1784.7752432823181,681.0,779.1
2979,1785.9735317230225,681.0,779.0
2981,1787.1730995178223,680.7,778.5
2983,1788.3716189861298,680.3,777.7
2985,1789.571165561676,679.6,777.2
2987,1790.7675716876984,679.5,777.3
2989,1791.9645745754242,677.5,776.6
2991,1793.1631729602814,676.8,776.0
2993,1794.3625919818878,675.8,775.6
2995,1795.5621826648712,675.7,776.6
2997,1796.7637040615082,675.6,777.2
2999,1797.9715871810913,675.3,776.2
3001,1799.1700460910797,674.1,773.9
3003,1800.3662557601929,673.3,771.9
