Counter,Time,Bin1 MToF,Bin 14,Bin 2,Bin 5,Bin 9,PM10,Bin 8,Bin 0,Checksum,Bin7 MToF,Bin 3,Bin 10,Bin 12,SFR,Bin 15,Bin5 MToF,PM2.5,Pressure,Bin 1,PM1,Bin3 MToF,Bin 13,Bin 4,Bin 7,Bin 6,Bin 11,Temperature,Sampling Period
1,0.0001392364501953125,0.0,0,0,0,0,0.0,0,0,0,0.0,0,0,0,3.700000047683716,0,0.0,0.0,,0,0.0,0.0,0,0,0,0,0,,12327.9482421875
2,0.832557201385498,0.0,0,2,0,0,10.692325592041016,1,2,8,0.0,3,0,0,3.700000047683716,0,0.0,2.6240241527557373,,0,1.080150842666626,8.0,0,0,0,0,0,,0.7370453476905823
3,1.4305462837219238,0.0,0,0,0,0,2.3564412593841553,0,3,4,0.0,0,0,0,3.700000047683716,0,0.0,1.4552773237228394,,0,0.6039367914199829,0.0,0,0,0,1,0,,0.5034666657447815
4,2.0290791988372803,7.666666666666667,0,0,0,0,3.3775503635406494,0,2,5,0.0,0,0,0,3.2173912525177,0,0.0,2.341888904571533,,2,1.2332227230072021,0.0,0,0,0,1,0,,0.5040213465690613
5,2.6274898052215576,0.0,0,2,0,0,2.030536651611328,0,0,3,0.0,1,0,0,3.2173912525177,0,0.0,2.004971981048584,,0,1.0786255598068237,9.666666666666666,0,0,0,0,0,,0.5033173561096191
6,3.226139783859253,0.0,0,0,1,0,6.377678871154785,0,2,4,14.333333333333334,0,0,0,3.2173912525177,0,12.333333333333334,2.114095687866211,,0,0.5056312084197998,0.0,0,0,1,0,0,,0.504149317741394
7,3.824547290802002,12.333333333333334,0,2,1,0,6.037952899932861,0,4,10,0.0,1,0,0,2.4666666984558105,0,15.0,5.7808709144592285,,2,3.6419107913970947,10.333333333333334,0,0,0,0,0,,0.5034453272819519
8,4.423287630081177,0.0,0,0,0,0,0.3003484010696411,0,1,1,0.0,0,0,0,2.4666666984558105,0,0.0,0.3003430962562561,,0,0.2920074164867401,0.0,0,0,0,0,0,,0.5041706562042236
9,5.021624803543091,0.0,0,0,0,0,22.319843292236328,1,2,4,0.0,0,0,0,2.4666666984558105,0,0.0,3.3219261169433594,,0,0.6156966090202332,0.0,0,0,0,1,0,,0.5034239888191223
10,5.620258808135986,9.0,0,0,0,1,64.61902618408203,1,1,6,0.0,0,0,0,2.5771145820617676,0,0.0,4.319896697998047,,3,1.711351752281189,0.0,0,0,0,0,0,,0.5041279792785645
11,6.218779802322388,8.333333333333334,0,0,0,0,4.937448978424072,0,1,6,0.0,1,0,0,2.653386354446411,0,0.0,3.607196807861328,,2,1.5022518634796143,11.666666666666666,0,1,0,1,0,,0.5034666657447815
12,6.817378520965576,0.0,0,0,0,0,2.4441134929656982,0,0,1,0.0,0,0,0,2.653386354446411,0,0.0,1.1890474557876587,,0,0.026608604937791824,0.0,0,0,0,1,0,,0.50408536195755
13,7.4157843589782715,9.666666666666666,0,2,0,0,5.222774505615234,0,1,5,0.0,0,0,0,2.642857074737549,0,0.0,3.948178768157959,,1,1.9008904695510864,0.0,0,0,0,1,0,,0.5034880042076111
14,8.014673233032227,9.666666666666666,0,0,0,0,1.929548978805542,0,3,5,0.0,1,0,0,2.6343040466308594,0,0.0,1.9108474254608154,,1,1.4632562398910522,9.0,0,0,0,0,0,,0.5041706562042236
15,8.6132333278656,5.666666666666667,0,0,0,0,177.34988403320312,0,1,5,13.666666666666666,0,0,0,2.8046648502349854,0,0.0,2.731281280517578,,2,1.139938473701477,0.0,0,0,1,0,1,,0.5034453272819519
16,9.212016820907593,0.0,0,0,0,1,47.49116516113281,0,3,5,21.0,0,0,0,2.8046648502349854,0,0.0,2.8895277976989746,,0,0.7769070267677307,0.0,0,0,1,0,0,,0.504149317741394
17,9.81035566329956,0.0,0,1,0,0,1.9706794023513794,0,4,5,0.0,0,0,0,2.8046648502349854,0,0.0,1.9646549224853516,,0,1.5641863346099854,0.0,0,0,0,0,0,,0.5034026503562927
18,10.409013748168945,0.0,0,0,0,0,0.2641861140727997,0,1,1,0.0,0,0,0,2.8046648502349854,0,0.0,0.2641814351081848,,0,0.25684937834739685,0.0,0,0,0,0,0,,0.5041066408157349
19,11.00733208656311,0.0,0,2,0,0,9.031789779663086,0,3,7,18.333333333333332,1,0,0,2.8046648502349854,0,0.0,4.300453186035156,,0,2.0147573947906494,7.666666666666667,0,0,1,0,0,,0.5034026503562927
20,11.605974912643433,0.0,0,0,0,1,49.276912689208984,0,1,4,11.666666666666666,0,0,0,2.8046648502349854,0,0.0,3.4861271381378174,,0,0.2884341776371002,0.0,0,0,1,1,0,,0.5041279792785645
21,12.204477548599243,6.333333333333333,0,0,0,0,3.034687042236328,0,1,3,0.0,0,0,0,2.8618783950805664,0,0.0,1.8695050477981567,,1,0.7062332034111023,0.0,0,0,0,1,0,,0.5035306811332703
22,12.804164409637451,0.0,0,1,0,0,1.1518713235855103,0,1,2,0.0,0,0,0,2.8618783950805664,0,0.0,1.1459892988204956,,0,0.7756313681602478,0.0,0,0,0,0,0,,0.5041066408157349
23,13.402769565582275,5.666666666666667,0,0,2,0,2.8855438232421875,0,1,5,0.0,0,0,0,2.989898920059204,0,9.333333333333334,2.5169599056243896,,2,1.1769582033157349,0.0,0,0,0,0,0,,0.5035306811332703
24,14.002597332000732,0.0,0,0,1,0,1.8004032373428345,0,2,4,0.0,1,0,0,2.989898920059204,0,17.666666666666668,1.6003429889678955,,0,0.6944787502288818,7.666666666666667,0,0,0,0,0,,0.50408536195755
25,14.601269960403442,7.666666666666667,0,0,1,0,9.7366943359375,0,3,7,13.666666666666666,0,0,0,3.0023865699768066,0,11.666666666666666,4.050801753997803,,1,1.2158427238464355,0.0,0,0,1,1,0,,0.5034666657447815
26,15.201141119003296,4.333333333333333,0,0,1,0,1.7576937675476074,0,2,4,0.0,0,0,0,3.0833332538604736,0,11.0,1.579206943511963,,1,0.9203309416770935,0.0,0,0,0,0,0,,0.5041706562042236
27,15.799467325210571,14.0,0,2,0,0,5.859575271606445,0,1,7,0.0,0,0,0,2.8682172298431396,0,0.0,4.634036064147949,,2,2.2740416526794434,0.0,0,1,0,1,0,,0.5034239888191223
28,16.39824151992798,0.0,0,0,0,0,1.0088444948196411,0,2,3,0.0,1,0,0,2.8682172298431396,0,0.0,0.9919323921203613,,0,0.6648405194282532,11.0,0,0,0,0,0,,0.5041066408157349
29,16.99671483039856,6.333333333333333,0,1,0,0,2.14679217338562,0,3,5,0.0,0,0,0,2.904672861099243,0,0.0,2.140721082687378,,1,1.6851483583450317,0.0,0,0,0,0,0,,0.5034453272819519
30,17.59540891647339,6.0,0,1,0,0,2.552083969116211,0,1,5,0.0,1,0,0,2.9807357788085938,0,0.0,2.529665470123291,,2,1.7251065969467163,9.666666666666666,0,0,0,0,0,,0.5040640234947205
31,18.193861961364746,6.333333333333333,0,0,1,0,1.8028564453125,0,2,4,0.0,0,0,0,3.010169506072998,0,9.0,1.6197835206985474,,1,0.9439781904220581,0.0,0,0,0,0,0,,0.5034880042076111
32,18.792524337768555,4.333333333333333,0,1,0,0,9.779593467712402,0,0,6,10.333333333333334,1,0,0,3.0679931640625,0,0.0,4.332223892211914,,1,1.156899094581604,11.666666666666666,0,1,1,1,0,,0.5040426850318909
33,19.390997171401978,7.0,0,1,1,0,8.927298545837402,0,6,10,26.333333333333332,0,0,0,3.0833332538604736,0,9.0,4.466397762298584,,1,2.349799633026123,0.0,0,0,1,0,0,,0.5034453272819519
34,20.000712156295776,7.0,0,1,0,0,1.5321956872940063,0,1,3,0.0,0,0,0,3.0976743698120117,0,0.0,1.5265181064605713,,1,1.1131150722503662,0.0,0,0,0,0,0,,0.5040426850318909
35,20.60918426513672,0.0,0,3,0,0,2.7178587913513184,0,1,4,0.0,0,0,0,3.0976743698120117,0,0.0,2.7015421390533447,,0,1.6869468688964844,0.0,0,0,0,0,0,,0.5034239888191223
36,21.207675218582153,10.333333333333334,0,0,0,0,6.841900825500488,0,4,6,15.666666666666666,0,0,0,3.0650887489318848,0,0.0,2.5435116291046143,,1,1.3466877937316895,0.0,0,0,1,0,0,,0.5039146542549133
37,21.80625081062317,0.0,0,0,1,1,40.597129821777344,0,4,9,0.0,2,0,0,3.0650887489318848,0,11.0,3.7683372497558594,,0,1.3893766403198242,10.666666666666666,0,1,0,0,0,,0.5034026503562927
38,22.404730796813965,0.0,0,0,0,0,4.005178928375244,0,4,7,0.0,2,0,0,3.0650887489318848,0,0.0,2.886708974838257,,0,1.2677379846572876,10.333333333333334,0,0,0,1,0,,0.5039359927177429
39,23.003193616867065,10.333333333333334,0,0,1,0,2.543928861618042,0,1,5,0.0,0,0,0,2.9830949306488037,0,9.0,2.358647346496582,,3,1.5353820323944092,0.0,0,0,0,0,0,,0.5033599734306335
40,23.60166311264038,5.0,0,0,0,0,3.3643200397491455,0,3,5,0.0,0,0,0,3.0204081535339355,0,0.0,2.261033296585083,,1,1.1459406614303589,0.0,0,0,0,1,0,,0.5038719773292542
41,24.20018219947815,0.0,0,0,1,0,4.203965187072754,0,5,7,0.0,0,0,0,3.0204081535339355,0,7.666666666666667,2.917555332183838,,0,1.2738699913024902,0.0,0,0,0,1,0,,0.5033599734306335
42,24.809982299804688,12.333333333333334,0,1,0,0,8.405383110046387,0,2,7,17.0,1,0,0,2.974421501159668,0,0.0,3.9061458110809326,,1,1.6540671586990356,9.0,0,1,1,0,0,,0.5040213465690613
43,25.408513069152832,0.0,0,1,0,0,0.8601988554000854,0,0,1,0.0,0,0,0,2.974421501159668,0,0.0,0.8545370101928711,,0,0.5046914219856262,0.0,0,0,0,0,0,,0.5035093426704407
44,26.008224487304688,0.0,0,0,0,0,0.49853330850601196,0,2,2,0.0,0,0,0,2.974421501159668,0,0.0,0.4985245168209076,,0,0.48468852043151855,0.0,0,0,0,0,0,,0.5037866830825806
45,26.606703758239746,5.666666666666667,0,2,1,0,4.499333381652832,0,2,8,0.0,1,0,0,3.0023865699768066,0,9.0,4.239980697631836,,1,2.191408157348633,7.666666666666667,0,1,0,0,0,,0.5034666657447815
46,27.205678462982178,7.666666666666667,0,0,0,0,5.978973388671875,0,0,2,11.0,0,0,0,3.0081300735473633,0,0.0,1.6042132377624512,,1,0.4134436547756195,0.0,0,0,1,0,0,,0.5044906735420227
47,27.80367422103882,5.666666666666667,0,1,0,0,2.9747116565704346,0,3,7,0.0,1,0,0,3.059217691421509,0,0.0,2.9528329372406006,,2,2.154489278793335,9.666666666666666,0,0,0,0,0,,0.5034453272819519
48,28.402278423309326,5.666666666666667,0,0,0,0,8.444458961486816,0,0,4,26.333333333333332,0,0,0,3.0833332538604736,0,0.0,3.04514479637146,,1,0.5136115550994873,0.0,0,1,1,1,0,,0.5040213465690613
49,29.000602960586548,5.666666666666667,0,0,0,0,1.4228079319000244,0,4,5,0.0,0,0,0,3.1065661907196045,0,0.0,1.4225488901138306,,1,1.3249331712722778,0.0,0,0,0,0,0,,0.5032960176467896
50,29.599573373794556,0.0,0,0,0,0,0.9536445140838623,0,4,4,0.0,0,0,0,3.1065661907196045,0,0.0,0.9536277055740356,,0,0.9271608591079712,0.0,0,0,0,0,0,,0.5043200254440308
51,30.19773268699646,7.0,0,0,1,0,6.822438716888428,0,1,4,10.333333333333334,0,0,0,3.1157894134521484,0,10.333333333333334,2.4134325981140137,,1,0.6859406232833862,0.0,0,0,1,0,0,,0.5034453272819519
52,30.79633140563965,7.0,0,0,0,0,2.2993853092193604,0,2,6,0.0,2,0,0,3.1330645084381104,0,0.0,2.26794695854187,,2,1.541368007659912,7.333333333333333,0,0,0,0,0,,0.5040640234947205
53,31.394704580307007,7.0,0,0,0,0,1.3843319416046143,0,2,4,0.0,1,0,0,3.141164779663086,0,0.0,1.368629813194275,,1,0.9992766976356506,7.666666666666667,0,0,0,0,0,,0.5034453272819519
54,31.99453830718994,6.333333333333333,0,0,0,0,2.062286615371704,0,3,6,0.0,1,0,0,3.1684110164642334,0,0.0,2.046495199203491,,2,1.6046196222305298,11.666666666666666,0,0,0,0,0,,0.5040000081062317
55,32.59301972389221,0.0,0,0,0,0,0.4460572302341461,0,0,1,0.0,1,0,0,3.1684110164642334,0,0.0,0.43073832988739014,,0,0.1472938358783722,9.666666666666666,0,0,0,0,0,,0.5035306811332703
56,33.19283604621887,0.0,0,0,1,0,1.6994699239730835,0,2,4,0.0,1,0,0,3.1684110164642334,0,8.333333333333334,1.5106252431869507,,0,0.6555452346801758,7.666666666666667,0,0,0,0,0,,0.5039359927177429
57,33.791330099105835,0.0,0,1,0,0,1.5101898908615112,0,3,4,0.0,0,0,0,3.1684110164642334,0,0.0,1.5048613548278809,,0,1.1568825244903564,0.0,0,0,0,0,0,,0.5034239888191223
58,34.38985204696655,5.666666666666667,0,0,1,0,2.8576912879943848,0,3,7,0.0,0,0,0,3.2055299282073975,0,9.666666666666666,2.6404266357421875,,2,1.5770479440689087,0.0,0,1,0,0,0,,0.5040213465690613
59,34.988377809524536,6.666666666666667,0,0,0,0,176.02781677246094,0,6,9,0.0,0,0,0,3.223111152648926,1,0.0,2.2846121788024902,,2,2.1057870388031006,0.0,0,0,0,0,0,,0.5034239888191223
60,35.5980920791626,8.333333333333334,0,0,1,0,2.621837615966797,0,2,6,0.0,0,0,0,3.2119150161743164,0,9.666666666666666,2.4049627780914307,,2,1.349878191947937,0.0,0,1,0,0,0,,0.5039146542549133
61,36.21054196357727,0.0,0,0,0,0,0.6927706599235535,0,3,3,0.0,0,0,0,3.2119150161743164,0,0.0,0.6927584409713745,,0,0.673531711101532,0.0,0,0,0,0,0,,0.5035946369171143
62,36.810433864593506,7.666666666666667,0,0,0,0,1.353501796722412,0,0,3,0.0,0,0,0,3.212218761444092,0,0.0,1.3528001308441162,,3,1.1468443870544434,0.0,0,0,0,0,0,,0.5040640234947205
63,37.40942096710205,4.333333333333333,0,0,1,0,1.674512267112732,0,2,4,0.0,0,0,0,3.237867832183838,0,8.333333333333334,1.504472255706787,,1,0.8767769932746887,0.0,0,0,0,0,0,,0.5039573311805725
64,38.011783838272095,5.666666666666667,0,4,0,0,4.039983749389648,0,2,7,0.0,0,0,0,3.2527472972869873,0,0.0,4.019078731536865,,1,2.6617820262908936,0.0,0,0,0,0,0,,0.5045760273933411
65,38.61405944824219,7.0,0,0,0,0,1.560905933380127,0,3,5,0.0,1,0,0,3.257143020629883,0,0.0,1.545777440071106,,1,1.183699131011963,9.0,0,0,0,0,0,,0.5040640234947205
66,39.216530084609985,7.333333333333333,0,2,0,0,5.108444690704346,0,1,7,0.0,0,0,0,3.2623071670532227,0,0.0,4.077854633331299,,3,2.288203477859497,0.0,0,0,0,1,0,,0.5046826601028442
67,39.81473112106323,6.666666666666667,0,2,0,0,4.427873611450195,0,0,5,0.0,0,0,0,3.274803638458252,0,0.0,3.399841070175171,,2,1.6878714561462402,0.0,0,0,0,1,0,,0.5038933157920837
68,40.417227268218994,5.333333333333333,0,0,3,0,3.580005407333374,0,2,7,0.0,0,0,0,3.305936336517334,0,9.333333333333334,3.0813069343566895,,2,1.3309732675552368,0.0,0,0,0,0,0,,0.5046399831771851
69,41.01931023597717,0.0,0,1,0,0,4.0591721534729,0,4,7,0.0,1,0,0,3.305936336517334,0,0.0,3.031853199005127,,0,1.4878976345062256,8.333333333333334,0,0,0,1,0,,0.5039786696434021
70,41.623218059539795,7.666666666666667,0,2,0,0,4.635707855224609,0,1,6,0.0,0,0,0,3.304445505142212,0,0.0,3.574744462966919,,1,1.5978953838348389,0.0,0,1,0,1,0,,0.5046399831771851
71,42.22148036956787,0.0,0,1,0,0,6.2323760986328125,0,2,4,13.666666666666666,0,0,0,3.304445505142212,0,0.0,2.240652322769165,,0,0.8951311707496643,0.0,0,0,1,0,0,,0.5039359927177429
72,42.82213497161865,0.0,0,1,0,0,5.350442409515381,0,1,5,0.0,1,0,0,3.304445505142212,0,0.0,3.3149304389953613,,0,0.8556580543518066,8.333333333333334,0,0,0,2,0,,0.5040426850318909
73,43.4207968711853,5.666666666666667,0,0,0,0,3.734466791152954,0,2,6,0.0,1,0,0,3.317545175552368,0,0.0,2.670973539352417,,1,1.0481188297271729,7.666666666666667,0,1,0,1,0,,0.5035733580589294
74,44.01941967010498,0.0,0,0,0,0,147.19049072265625,0,5,8,0.0,1,0,0,3.317545175552368,0,0.0,2.6697444915771484,,0,1.2478893995285034,7.666666666666667,0,0,0,1,1,,0.5039573311805725
75,44.617915630340576,5.666666666666667,0,1,0,0,3.599344253540039,0,2,5,0.0,0,0,0,3.3305323123931885,0,0.0,2.5928468704223633,,1,1.2743772268295288,0.0,0,0,0,1,0,,0.5034239888191223
76,45.216559171676636,10.333333333333334,0,0,0,0,1.9652198553085327,0,1,5,0.0,2,0,0,3.2886054515838623,0,0.0,1.93527352809906,,2,1.2493423223495483,8.666666666666666,0,0,0,0,0,,0.50408536195755
77,45.81497669219971,6.333333333333333,0,1,0,0,15.718961715698242,1,1,4,0.0,0,0,0,3.2970170974731445,0,0.0,2.5128204822540283,,1,1.0486232042312622,0.0,0,0,0,0,0,,0.5034666657447815
78,46.41356420516968,5.666666666666667,0,0,1,0,171.51272583007812,0,0,7,0.0,0,0,0,3.3477728366851807,1,13.666666666666666,3.256605863571167,,4,1.5392396450042725,0.0,0,0,0,1,0,,0.5039573311805725
79,47.01217341423035,8.333333333333334,0,0,0,0,1.1007839441299438,0,3,4,0.0,0,0,0,3.3405983448028564,0,0.0,1.100546956062317,,1,1.0159498453140259,0.0,0,0,0,0,0,,0.5033813118934631
80,47.61071252822876,0.0,0,0,1,0,1.1888450384140015,0,2,3,0.0,0,0,0,3.3405983448028564,0,8.333333333333334,1.0242937803268433,,0,0.4820440411567688,0.0,0,0,0,0,0,,0.5040640234947205
81,48.209206342697144,0.0,0,1,0,0,3.409440040588379,0,6,10,0.0,2,0,0,3.3405983448028564,0,0.0,3.3317904472351074,,0,2.105071783065796,8.0,0,1,0,0,0,,0.5033813118934631
82,48.80765175819397,14.333333333333334,0,0,1,0,65.94298553466797,0,2,5,0.0,0,1,0,3.2898402214050293,0,13.666666666666666,1.8339605331420898,,1,0.8630709052085876,0.0,0,0,0,0,0,,0.5039146542549133
83,49.406327962875366,0.0,0,0,0,0,0.6765618920326233,0,3,3,0.0,0,0,0,3.2898402214050293,0,0.0,0.6765499114990234,,0,0.6577730178833008,0.0,0,0,0,0,0,,0.5034453272819519
84,50.004889249801636,5.666666666666667,0,0,0,0,1.9905345439910889,0,1,5,0.0,1,0,0,3.3159642219543457,0,0.0,1.9316704273223877,,2,1.1794626712799072,7.0,0,1,0,0,0,,0.5040213465690613
85,50.60457921028137,10.333333333333334,0,0,0,0,1.3197227716445923,0,2,4,0.0,1,0,0,3.294945478439331,0,0.0,1.3047535419464111,,1,0.9526387453079224,7.0,0,0,0,0,0,,0.5034453272819519
86,51.20306444168091,5.666666666666667,0,0,1,0,6.867049694061279,0,3,6,9.666666666666666,0,0,0,3.308126926422119,0,8.333333333333334,2.718773365020752,,1,1.081005573272705,0.0,0,0,1,0,0,,0.5039786696434021
87,51.80167269706726,0.0,0,0,1,0,0.9777157306671143,0,1,2,0.0,0,0,0,3.308126926422119,0,8.333333333333334,0.8113490343093872,,0,0.26932817697525024,0.0,0,0,0,0,0,,0.5034453272819519
88,52.40016222000122,0.0,0,1,0,0,1.2208315134048462,0,2,3,0.0,0,0,0,3.308126926422119,0,0.0,1.2157374620437622,,0,0.8890258073806763,0.0,0,0,0,0,0,,0.5039573311805725
89,52.99858617782593,7.666666666666667,0,1,0,0,1.6619594097137451,0,2,4,0.0,0,0,0,3.306597948074341,0,0.0,1.6566287279129028,,1,1.2625423669815063,0.0,0,0,0,0,0,,0.5032960176467896
90,53.597217082977295,8.0,0,1,0,0,2.0951786041259766,0,0,4,0.0,0,0,0,3.2952353954315186,0,0.0,2.0893890857696533,,3,1.5731401443481445,0.0,0,0,0,0,0,,0.5040213465690613
91,54.19617986679077,7.666666666666667,0,0,0,0,1.1153873205184937,0,3,4,0.0,0,0,0,3.293929100036621,0,0.0,1.1151472330093384,,1,1.0294278860092163,0.0,0,0,0,0,0,,0.5038293600082397
92,54.80054306983948,4.333333333333333,0,1,1,0,2.4054548740386963,0,2,5,0.0,0,0,0,3.3168389797210693,0,15.0,2.2343831062316895,,1,1.3081437349319458,0.0,0,0,0,0,0,,0.5039359927177429
93,55.399152755737305,6.666666666666667,0,2,0,0,3.078538656234741,0,3,7,0.0,0,0,0,3.327956438064575,0,0.0,3.067953109741211,,2,2.2912914752960205,0.0,0,0,0,0,0,,0.5034666657447815
94,55.99964714050293,5.666666666666667,0,0,2,0,2.5637032985687256,0,1,5,0.0,1,0,0,3.340852737426758,0,10.666666666666666,2.220538854598999,,1,0.822654128074646,7.666666666666667,0,0,0,0,0,,0.5050026774406433
95,56.60680413246155,5.0,0,2,0,0,2.811274290084839,0,2,6,0.0,0,0,0,3.376006603240967,0,0.0,2.8008573055267334,,2,2.042344808578491,0.0,0,0,0,0,0,,0.5041279792785645
96,57.21027994155884,5.666666666666667,0,1,0,0,1.8152928352355957,0,1,4,0.0,1,0,0,3.3884732723236084,0,0.0,1.795815348625183,,1,1.1538569927215576,13.0,0,0,0,0,0,,0.5046186447143555
97,57.81236124038696,0.0,0,0,0,0,330.85467529296875,0,3,5,0.0,0,0,0,3.3884732723236084,2,0.0,0.6628277897834778,,0,0.6380048394203186,0.0,0,0,0,0,0,,0.5039359927177429
98,58.41486692428589,0.0,0,0,0,0,1.5079774856567383,0,5,6,0.0,1,0,0,3.3884732723236084,0,0.0,1.4936692714691162,,0,1.198978304862976,7.666666666666667,0,0,0,0,0,,0.5047680139541626
99,59.02544355392456,4.333333333333333,0,0,0,1,36.99114227294922,0,5,8,0.0,0,0,0,3.4111056327819824,0,0.0,3.1714465618133545,,1,1.4381698369979858,0.0,0,0,0,1,0,,0.5036799907684326
100,59.6354603767395,0.0,0,0,0,0,14.390015602111816,1,1,3,0.0,1,0,0,3.4111056327819824,0,0.0,1.6537351608276367,,0,0.34882408380508423,17.666666666666668,0,0,0,0,0,,0.5049386620521545
101,60.24041724205017,3.6666666666666665,0,0,0,1,36.059967041015625,0,0,4,0.0,1,0,0,3.4388954639434814,0,0.0,2.4667553901672363,,1,0.5144350528717041,11.0,0,0,0,1,0,,0.5031893253326416
102,60.84231472015381,5.333333333333333,0,0,1,0,1.9581209421157837,0,0,4,0.0,1,0,0,3.4675817489624023,0,8.333333333333334,1.7854357957839966,,2,0.8902848362922668,8.333333333333334,0,0,0,0,0,,0.5047893524169922
103,61.4444465637207,6.0,0,0,0,0,1.4897770881652832,0,1,4,0.0,0,0,0,3.485179901123047,0,0.0,1.447655439376831,,2,0.9890902638435364,0.0,0,1,0,0,0,,0.5036799907684326
104,62.04566693305969,8.0,0,0,0,0,6.237201690673828,0,1,5,18.333333333333332,0,0,0,3.463683843612671,0,0.0,2.440596103668213,,3,1.2742658853530884,0.0,0,0,1,0,0,,0.504917323589325
105,62.64674997329712,0.0,0,1,0,0,1.593498945236206,0,4,5,0.0,0,0,0,3.463683843612671,0,0.0,1.588627576828003,,0,1.264807105064392,0.0,0,0,0,0,0,,0.5041066408157349
106,63.24901223182678,6.666666666666667,0,1,0,0,6.546215534210205,0,1,5,9.666666666666666,0,0,0,3.470834970474243,0,0.0,2.750725507736206,,2,1.3504852056503296,0.0,0,0,1,0,0,,0.5046399831771851
107,63.847395181655884,0.0,0,0,0,0,2.9369165897369385,0,5,6,0.0,0,0,0,3.470834970474243,0,0.0,1.977099061012268,,0,1.0585006475448608,0.0,0,0,0,1,0,,0.5039146542549133
108,64.44847440719604,5.666666666666667,0,1,0,0,22.83092498779297,1,4,11,12.333333333333334,1,0,0,3.493673086166382,0,0.0,5.6719746589660645,,2,2.113774061203003,9.666666666666666,0,0,1,1,0,,0.5048320293426514
109,65.04943752288818,8.666666666666666,0,1,1,0,2.7183756828308105,0,0,5,0.0,0,0,0,3.4562294483184814,0,9.0,2.553776264190674,,3,1.5491530895233154,0.0,0,0,0,0,0,,0.5039359927177429
110,65.6518964767456,0.0,0,0,0,0,1.4979228973388672,0,3,5,0.0,1,0,0,3.4562294483184814,0,0.0,1.4419481754302979,,0,0.8367809057235718,9.666666666666666,0,1,0,0,0,,0.5046826601028442
111,66.25146484375,24.333333333333332,0,0,0,0,3.0024209022521973,0,8,11,0.0,0,0,0,3.4562294483184814,0,0.0,2.9599452018737793,,2,2.456153631210327,0.0,0,1,0,0,0,,0.5039786696434021
112,66.85259461402893,0.0,0,0,0,0,0.8364297151565552,0,2,3,0.0,1,0,0,3.4562294483184814,0,0.0,0.8224080204963684,,0,0.5512171983718872,9.0,0,0,0,0,0,,0.5045760273933411
113,67.45091271400452,0.0,0,0,0,0,2.928628444671631,0,3,5,0.0,1,0,0,3.4562294483184814,0,0.0,1.950853943824768,,0,0.780784010887146,8.333333333333334,0,0,0,1,0,,0.5039786696434021
114,68.0546886920929,0.0,0,1,1,0,2.5088722705841064,0,3,6,0.0,1,0,0,3.4562294483184814,0,8.333333333333334,2.3311071395874023,,0,1.2418444156646729,7.0,0,0,0,0,0,,0.5045760273933411
115,68.65699362754822,10.333333333333334,0,0,0,0,2.1495048999786377,0,4,7,0.0,1,0,0,3.431037664413452,0,0.0,2.092817544937134,,1,1.4120757579803467,8.333333333333334,0,1,0,0,0,,0.5039786696434021
116,69.25949764251709,0.0,0,0,0,0,0.6472383141517639,0,3,3,0.0,0,0,0,3.431037664413452,0,0.0,0.647226870059967,,0,0.6292638182640076,0.0,0,0,0,0,0,,0.5045973062515259
117,69.8614993095398,0.0,0,0,1,0,2.001528263092041,0,4,6,0.0,1,0,0,3.431037664413452,0,8.333333333333334,1.8271236419677734,,0,1.0254701375961304,8.333333333333334,0,0,0,0,0,,0.5039146542549133
118,70.46404838562012,6.333333333333333,0,2,0,0,2.3362045288085938,0,2,5,0.0,0,0,0,3.4377472400665283,0,0.0,2.3262059688568115,,1,1.6463481187820435,0.0,0,0,0,0,0,,0.5047893524169922
119,71.06615471839905,0.0,0,0,0,0,0.6262543797492981,0,1,2,0.0,1,0,0,3.4377472400665283,0,0.0,0.612146258354187,,0,0.34519150853157043,9.666666666666666,0,0,0,0,0,,0.5040426850318909
120,71.66846299171448,6.666666666666667,0,2,0,0,2.322343349456787,0,0,4,0.0,0,0,0,3.4456255435943604,0,0.0,2.3121531009674072,,2,1.5815515518188477,0.0,0,0,0,0,0,,0.5045760273933411
121,72.26678204536438,5.0,0,0,0,0,1.4723050594329834,0,3,5,0.0,0,0,0,3.479473114013672,0,0.0,1.4718618392944336,,2,1.3273355960845947,0.0,0,0,0,0,0,,0.5039359927177429
122,72.8692831993103,0.0,0,1,0,0,2.0487356185913086,0,2,5,0.0,0,0,0,3.479473114013672,0,0.0,1.9605294466018677,,0,0.9982703924179077,0.0,0,2,0,0,0,,0.5045333504676819
123,73.46765899658203,0.0,0,1,0,0,1.1607117652893066,0,2,3,0.0,0,0,0,3.479473114013672,0,0.0,1.155868649482727,,0,0.8452458381652832,0.0,0,0,0,0,0,,0.5039573311805725
124,74.07016158103943,0.0,0,0,0,0,5.583151340484619,0,2,4,11.0,1,0,0,3.479473114013672,0,0.0,1.7877800464630127,,0,0.5523740649223328,9.0,0,0,1,0,0,,0.5045546889305115
125,74.66832304000854,7.666666666666667,0,0,0,0,2.078015089035034,0,2,6,0.0,2,0,0,3.4703540802001953,0,0.0,2.049603223800659,,2,1.3929747343063354,7.0,0,0,0,0,0,,0.5035520195960999
126,75.26738977432251,7.666666666666667,0,0,0,0,1.060721755027771,0,3,4,0.0,0,0,0,3.4658870697021484,0,0.0,1.0604934692382812,,1,0.9789751768112183,0.0,0,0,0,0,0,,0.5035093426704407
127,75.87390518188477,7.333333333333333,0,0,0,0,2.143427610397339,0,4,7,0.0,0,0,0,3.462491512298584,0,0.0,2.100991725921631,,2,1.6212846040725708,0.0,0,1,0,0,0,,0.5033599734306335
128,76.47284317016602,6.0,0,1,0,0,7.362578868865967,0,3,8,9.666666666666666,1,0,0,3.480203866958618,0,0.0,3.5616159439086914,,2,1.8950814008712769,7.0,0,0,1,0,0,,0.5044053196907043
129,77.07061290740967,0.0,0,0,1,0,1.8008267879486084,0,3,5,0.0,0,0,0,3.480203866958618,0,9.0,1.6009637117385864,,0,0.7474952340126038,0.0,0,1,0,0,0,,0.5035733580589294
130,77.67258548736572,0.0,0,0,0,0,0.2126711905002594,0,1,1,0.0,0,0,0,3.480203866958618,0,0.0,0.21266743540763855,,0,0.2067650854587555,0.0,0,0,0,0,0,,0.5046613216400146
131,78.2708728313446,0.0,0,3,0,0,4.9010701179504395,0,2,7,0.0,1,0,0,3.480203866958618,0,0.0,3.915114164352417,,0,1.8619751930236816,7.0,0,0,0,1,0,,0.503765344619751
132,78.8781898021698,0.0,0,1,0,0,1.1596825122833252,0,2,3,0.0,0,0,0,3.480203866958618,0,0.0,1.1548436880111694,,0,0.8444963693618774,0.0,0,0,0,0,0,,0.5042986869812012
133,79.4850857257843,0.0,0,1,0,0,138.68954467773438,0,2,5,0.0,1,0,0,3.480203866958618,0,0.0,1.7308131456375122,,0,0.9801091551780701,7.0,0,0,0,0,1,,0.5034239888191223
134,80.08989143371582,0.0,0,0,0,0,13.72544002532959,1,1,2,0.0,0,0,0,3.480203866958618,0,0.0,1.2321884632110596,,0,0.20857104659080505,0.0,0,0,0,0,0,,0.5039786696434021
135,80.70086216926575,0.0,0,0,0,0,0.8526671528816223,0,4,4,0.0,0,0,0,3.480203866958618,0,0.0,0.8526521325111389,,0,0.828987717628479,0.0,0,0,0,0,0,,0.5034880042076111
136,81.30088019371033,0.0,0,0,0,0,6.496209621429443,0,4,7,14.333333333333334,0,0,0,3.480203866958618,0,0.0,2.629255533218384,,0,0.9867518544197083,0.0,0,2,1,0,0,,0.5041706562042236
137,81.91211557388306,0.0,0,3,1,0,3.9833695888519287,0,1,7,0.0,1,0,0,3.480203866958618,0,12.333333333333334,3.7551987171173096,,0,1.7599070072174072,9.0,0,1,0,0,0,,0.5038933157920837
138,82.51167845726013,5.0,0,0,0,0,1.0497452020645142,0,3,4,0.0,0,0,0,3.4970903396606445,0,0.0,1.0495191812515259,,1,0.968844473361969,0.0,0,0,0,0,0,,0.5042346715927124
139,83.12126421928406,7.666666666666667,0,0,0,0,1.8887876272201538,0,3,6,0.0,0,0,0,3.482673406600952,0,0.0,1.8881285190582275,,3,1.680222511291504,0.0,0,0,0,0,0,,0.5035093426704407
140,83.72105312347412,5.0,0,0,0,0,1.8582401275634766,0,3,6,0.0,1,0,0,3.5160248279571533,0,0.0,1.8440111875534058,,2,1.4458556175231934,7.666666666666667,0,0,0,0,0,,0.5040426850318909
141,84.31944370269775,9.0,0,0,0,0,1.2587355375289917,0,2,4,0.0,0,0,0,3.484231472015381,0,0.0,1.258296251296997,,2,1.1197423934936523,0.0,0,0,0,0,0,,0.5034666657447815
142,84.93083810806274,6.333333333333333,0,1,0,0,3.0215086936950684,0,5,9,0.0,1,0,0,3.4961185455322266,0,0.0,3.002394199371338,,2,2.29341983795166,9.0,0,0,0,0,0,,0.5044266581535339
143,85.52924418449402,7.666666666666667,0,0,0,0,0.8318004012107849,0,0,2,0.0,0,0,0,3.486375570297241,0,0.0,0.8313692808151245,,2,0.7047982215881348,0.0,0,0,0,0,0,,0.5038080215454102
144,86.12910294532776,6.0,0,1,1,0,3.552969217300415,0,4,9,0.0,0,0,0,3.5035500526428223,0,8.333333333333334,3.3495352268218994,,2,2.0750021934509277,0.0,0,1,0,0,0,,0.5044053196907043
145,86.7275161743164,5.0,0,1,0,0,1.3487728834152222,0,1,3,0.0,0,0,0,3.520275592803955,0,0.0,1.3437750339508057,,1,0.9798614382743835,0.0,0,0,0,0,0,,0.5038506388664246
146,87.33629035949707,6.333333333333333,0,0,0,0,1.4404314756393433,0,3,5,0.0,1,0,0,3.5258328914642334,0,0.0,1.4264706373214722,,1,1.0923384428024292,7.666666666666667,0,0,0,0,0,,0.5045973062515259
147,87.93448090553284,0.0,0,2,0,0,1.660685420036316,0,1,3,0.0,0,0,0,3.5258328914642334,0,0.0,1.651134967803955,,0,1.0554090738296509,0.0,0,0,0,0,0,,0.5038293600082397
148,88.53445219993591,0.0,0,1,1,0,3.067233085632324,0,4,8,0.0,2,0,0,3.5258328914642334,0,11.0,2.8793632984161377,,0,1.5524909496307373,11.0,0,0,0,0,0,,0.504917323589325
149,89.13539028167725,5.666666666666667,0,0,0,0,1.0261319875717163,0,1,3,0.0,0,0,0,3.547577142715454,0,0.0,1.0257047414779663,,2,0.8955557942390442,0.0,0,0,0,0,0,,0.5039573311805725
150,89.73782539367676,7.0,0,2,0,0,16.732826232910156,1,2,9,0.0,0,0,0,3.5460824966430664,0,0.0,4.478450298309326,,4,2.63547945022583,0.0,0,0,0,0,0,,0.5046826601028442
151,90.33618950843811,5.666666666666667,0,0,0,0,0.6158848404884338,0,1,2,0.0,0,0,0,3.5568907260894775,0,0.0,0.6156699061393738,,1,0.5478771328926086,0.0,0,0,0,0,0,,0.5039786696434021
152,90.93586921691895,0.0,0,0,0,0,0.6244955062866211,0,3,3,0.0,0,0,0,3.5568907260894775,0,0.0,0.6244844794273376,,0,0.6071526408195496,0.0,0,0,0,0,0,,0.5044693350791931
153,91.53491258621216,6.333333333333333,0,2,0,0,1.8433151245117188,0,0,3,0.0,0,0,0,3.5619559288024902,0,0.0,1.8336513042449951,,1,1.1876118183135986,0.0,0,0,0,0,0,,0.5036799907684326
154,92.13804221153259,0.0,0,1,1,0,1.830471396446228,0,2,4,0.0,0,0,0,3.5619559288024902,0,9.666666666666666,1.6715983152389526,,0,0.8721081018447876,0.0,0,0,0,0,0,,0.5046186447143555
155,92.74014043807983,6.666666666666667,0,1,0,0,2.7463643550872803,0,2,7,0.0,1,0,0,3.56829571723938,0,0.0,2.7274186611175537,,3,1.9875867366790771,7.666666666666667,0,0,0,0,0,,0.5039359927177429
156,93.3432834148407,5.333333333333333,0,1,0,0,2.135590076446533,0,3,6,0.0,0,0,0,3.59479022026062,0,0.0,2.130481719970703,,2,1.7014927864074707,0.0,0,0,0,0,0,,0.50408536195755
157,93.94174909591675,7.0,0,0,0,0,6.0406036376953125,0,3,6,10.333333333333334,0,0,0,3.592456102371216,0,0.0,2.369432210922241,,2,1.2915732860565186,0.0,0,0,1,0,0,,0.5034239888191223
158,94.54055786132812,0.0,0,0,0,0,0.20596495270729065,0,1,1,0.0,0,0,0,3.592456102371216,0,0.0,0.20596133172512054,,0,0.20024509727954865,0.0,0,0,0,0,0,,0.5048106908798218
159,95.14159750938416,5.666666666666667,0,1,1,0,2.2144510746002197,0,2,5,0.0,0,0,0,3.6027746200561523,0,9.666666666666666,2.0569634437561035,,1,1.2042713165283203,0.0,0,0,0,0,0,,0.5039573311805725
160,95.7425606250763,7.666666666666667,0,0,1,0,3.14357590675354,0,4,9,0.0,0,0,0,3.5760037899017334,0,7.666666666666667,2.98913311958313,,4,2.225019693374634,0.0,0,0,0,0,0,,0.5044693350791931
161,96.3416633605957,4.333333333333333,0,0,0,0,1.4336731433868408,0,5,6,0.0,0,0,0,3.5979321002960205,0,0.0,1.4334460496902466,,1,1.3435053825378418,0.0,0,0,0,0,0,,0.5036799907684326
162,96.94480967521667,0.0,0,2,0,0,1.8293534517288208,0,2,4,0.0,0,0,0,3.5979321002960205,0,0.0,1.820011854171753,,0,1.2318249940872192,0.0,0,0,0,0,0,,0.5049600005149841
163,97.54691052436829,3.6666666666666665,0,1,0,0,1.7181055545806885,0,3,5,0.0,0,0,0,3.625580310821533,0,0.0,1.7132467031478882,,1,1.3486460447311401,0.0,0,0,0,0,0,,0.5039786696434021
164,98.14925336837769,0.0,0,0,0,0,0.40835627913475037,0,2,2,0.0,0,0,0,3.625580310821533,0,0.0,0.40834906697273254,,0,0.397015780210495,0.0,0,0,0,0,0,,0.5045760273933411
165,98.747563123703,0.0,0,0,0,0,1.2450628280639648,0,4,5,0.0,0,0,0,3.625580310821533,0,0.0,1.2049949169158936,,0,0.8690563440322876,0.0,0,1,0,0,0,,0.5039146542549133
166,99.35002326965332,0.0,0,0,2,0,2.392852544784546,0,5,7,0.0,0,0,0,3.625580310821533,0,8.666666666666666,2.089909791946411,,0,1.0859601497650146,0.0,0,0,0,0,0,,0.5045546889305115
167,99.94861388206482,0.0,0,1,0,0,0.7050787210464478,0,0,1,0.0,0,0,0,3.625580310821533,0,0.0,0.7004378437995911,,0,0.41368013620376587,0.0,0,0,0,0,0,,0.5039573311805725
168,100.55101561546326,4.333333333333333,0,0,1,0,1.0787484645843506,0,0,2,0.0,0,0,0,3.6472887992858887,0,9.0,0.9279944896697998,,1,0.38273242115974426,0.0,0,0,0,0,0,,0.5045973062515259
169,101.14936518669128,0.0,0,1,0,0,0.9040941596031189,0,1,2,0.0,0,0,0,3.6472887992858887,0,0.0,0.8994773626327515,,0,0.6087865233421326,0.0,0,0,0,0,0,,0.5039573311805725
170,101.75148248672485,6.0,0,0,0,0,1.398444414138794,0,3,5,0.0,0,0,0,3.660611152648926,0,0.0,1.3980233669281006,,2,1.2607476711273193,0.0,0,0,0,0,0,,0.5042986869812012
171,102.35592985153198,0.0,0,1,1,0,1.784912109375,0,2,4,0.0,0,0,0,3.660611152648926,0,9.666666666666666,1.6299933195114136,,0,0.8504018783569336,0.0,0,0,0,0,0,,0.5035520195960999
172,102.96849942207336,5.0,0,1,0,0,3.258868455886841,0,2,5,0.0,0,0,0,3.6761584281921387,0,0.0,2.3475794792175293,,1,1.1538289785385132,0.0,0,0,0,1,0,,0.5037440061569214
173,103.5667495727539,5.666666666666667,0,0,1,0,1.8742659091949463,0,4,6,0.0,0,0,0,3.685551881790161,0,7.0,1.7247974872589111,,1,1.1619000434875488,0.0,0,0,0,0,0,,0.5037013292312622
174,104.17792558670044,0.0,0,2,0,0,2.792297124862671,0,3,7,0.0,1,0,0,3.685551881790161,0,0.0,2.73063588142395,,0,1.598793864250183,7.666666666666667,0,1,0,0,0,,0.504256010055542
175,104.77619123458862,9.0,0,1,0,0,1.7194881439208984,0,1,4,0.0,0,0,0,3.6648409366607666,0,0.0,1.675027847290039,,1,1.0150963068008423,0.0,0,1,0,0,0,,0.5035093426704407
176,105.37616729736328,0.0,0,0,0,0,0.9913958311080933,0,3,4,0.0,1,0,0,3.6648409366607666,0,0.0,0.9781608581542969,,0,0.716646134853363,9.666666666666666,0,0,0,0,0,,0.5042773485183716
177,105.9845621585846,0.0,0,0,0,0,3.1500165462493896,0,3,6,0.0,2,0,0,3.6648409366607666,0,0.0,2.2138352394104004,,0,0.8643368482589722,9.0,0,0,0,1,0,,0.5035306811332703
178,106.59713673591614,9.333333333333334,0,0,0,0,1.3940343856811523,0,1,4,0.0,1,0,0,3.6196887493133545,0,0.0,1.3802355527877808,,2,1.0052590370178223,7.0,0,0,0,0,0,,0.5045973062515259
179,107.19926714897156,7.0,0,1,0,0,1.1076527833938599,0,0,2,0.0,0,0,0,3.618074893951416,0,0.0,1.102792501449585,,1,0.7543286085128784,0.0,0,0,0,0,0,,0.5037440061569214
180,107.80661177635193,0.0,0,0,0,0,0.0,0,0,0,0.0,0,0,0,3.618074893951416,0,0.0,0.0,,0,0.0,0.0,0,0,0,0,0,,0.5043626427650452
181,108.40987491607666,5.666666666666667,0,0,0,0,1.402728796005249,0,3,5,0.0,1,0,0,3.6281163692474365,0,0.0,1.389133334159851,,1,1.0637469291687012,7.666666666666667,0,0,0,0,0,,0.5035520195960999
182,109.00963425636292,0.0,0,1,1,0,1.7993738651275635,0,2,4,0.0,0,0,0,3.6281163692474365,0,15.0,1.6431998014450073,,0,0.8572920560836792,0.0,0,0,0,0,0,,0.5039786696434021
183,109.6080846786499,0.0,0,0,0,0,0.4090219736099243,0,2,2,0.0,0,0,0,3.6281163692474365,0,0.0,0.4090147614479065,,0,0.39766302704811096,0.0,0,0,0,0,0,,0.5034026503562927
184,110.2072696685791,0.0,0,0,0,0,1.038614273071289,0,3,4,0.0,0,0,0,3.6281163692474365,0,0.0,0.9986270070075989,,0,0.6689980030059814,0.0,0,1,0,0,0,,0.5045333504676819
185,110.81284523010254,0.0,0,1,0,0,0.909564733505249,0,1,2,0.0,0,0,0,3.6281163692474365,0,0.0,0.9049199819564819,,0,0.612470269203186,0.0,0,0,0,0,0,,0.5035733580589294
186,111.41149163246155,0.0,0,0,0,0,0.8169706463813782,0,4,4,0.0,0,0,0,3.6281163692474365,0,0.0,0.8169562220573425,,0,0.7942824959754944,0.0,0,0,0,0,0,,0.5040640234947205
187,112.00993013381958,0.0,0,0,0,0,0.4089699983596802,0,2,2,0.0,0,0,0,3.6281163692474365,0,0.0,0.40896278619766235,,0,0.39761245250701904,0.0,0,0,0,0,0,,0.5034666657447815
188,112.6102647781372,6.0,0,2,0,0,2.6024866104125977,0,2,6,0.0,0,0,0,3.641918659210205,0,0.0,2.5928432941436768,,2,1.890663981437683,0.0,0,0,0,0,0,,0.5048106908798218
189,113.21253609657288,0.0,0,1,0,0,0.7019453048706055,0,0,1,0.0,0,0,0,3.641918659210205,0,0.0,0.6973251104354858,,0,0.4118417203426361,0.0,0,0,0,0,0,,0.5039359927177429
190,113.81500291824341,0.0,0,0,0,0,0.20324498414993286,0,1,1,0.0,0,0,0,3.641918659210205,0,0.0,0.20324140787124634,,0,0.19760066270828247,0.0,0,0,0,0,0,,0.5046186447143555
191,114.4171769618988,0.0,0,0,0,0,0.20347721874713898,0,1,1,0.0,0,0,0,3.641918659210205,0,0.0,0.20347362756729126,,0,0.19782644510269165,0.0,0,0,0,0,0,,0.5040426850318909
192,115.02088260650635,6.333333333333333,0,0,1,0,1.4851384162902832,0,2,4,0.0,0,0,0,3.645798444747925,0,9.0,1.334328532218933,,1,0.7776205539703369,0.0,0,0,0,0,0,,0.5046399831771851
193,115.61921048164368,0.0,0,0,1,0,1.2927398681640625,0,3,4,0.0,0,0,0,3.645798444747925,0,9.0,1.1419408321380615,,0,0.6393795609474182,0.0,0,0,0,0,0,,0.5040000081062317
194,116.2228307723999,0.0,0,2,1,0,2.4887309074401855,0,2,5,0.0,0,0,0,3.645798444747925,0,8.333333333333334,2.3288955688476562,,0,1.262952446937561,0.0,0,0,0,0,0,,0.5045973062515259
195,116.82501316070557,0.0,0,0,0,0,0.20327790081501007,0,1,1,0.0,0,0,0,3.645798444747925,0,0.0,0.20327430963516235,,0,0.19763265550136566,0.0,0,0,0,0,0,,0.5040000081062317
196,117.4291296005249,0.0,0,0,0,0,0.20332954823970795,0,1,1,0.0,0,0,0,3.645798444747925,0,0.0,0.20332597196102142,,0,0.19768288731575012,0.0,0,0,0,0,0,,0.5038719773292542
197,118.02765679359436,0.0,0,0,0,0,0.20353636145591736,0,1,1,0.0,0,0,0,3.645798444747925,0,0.0,0.20353277027606964,,0,0.1978839486837387,0.0,0,0,0,0,0,,0.5033599734306335
198,118.62695550918579,7.666666666666667,0,0,0,0,0.8047152161598206,0,2,3,0.0,0,0,0,3.637857675552368,0,0.0,0.8045018315315247,,1,0.7326700687408447,0.0,0,0,0,0,0,,0.5047253370285034
199,119.22902250289917,5.666666666666667,0,0,0,0,1.1978201866149902,0,2,4,0.0,0,0,0,3.657238245010376,0,0.0,1.1974021196365356,,2,1.0655535459518433,0.0,0,0,0,0,0,,0.5040426850318909
200,119.83147382736206,0.0,0,0,0,0,2.175881862640381,0,2,3,0.0,0,0,0,3.657238245010376,0,0.0,1.2663811445236206,,0,0.4127780795097351,0.0,0,0,0,1,0,,0.5046826601028442
201,120.42971706390381,0.0,0,0,0,0,0.0,0,0,0,0.0,0,0,0,3.657238245010376,0,0.0,0.0,,0,0.0,0.0,0,0,0,0,0,,0.5035733580589294
202,121.03072547912598,0.0,0,1,0,0,1.4880728721618652,0,2,4,0.0,1,0,0,3.657238245010376,0,0.0,1.4702329635620117,,0,0.9302030205726624,10.333333333333334,0,0,0,0,0,,0.504746675491333
203,121.63198590278625,17.666666666666668,0,0,1,0,1.2796224355697632,0,1,3,0.0,0,0,0,3.657238245010376,0,10.333333333333334,1.129109501838684,,1,0.5791090130805969,0.0,0,0,0,0,0,,0.5040426850318909
204,122.23560380935669,0.0,0,0,1,0,1.287007451057434,0,3,4,0.0,0,0,0,3.657238245010376,0,10.333333333333334,1.1368770599365234,,0,0.6365443468093872,0.0,0,0,0,0,0,,0.5046613216400146
205,122.83373785018921,10.333333333333334,0,0,0,0,0.4000127613544464,0,0,1,0.0,0,0,0,3.62561297416687,0,0.0,0.3998053967952728,,1,0.3389374017715454,0.0,0,0,0,0,0,,0.5037013292312622
206,123.43437671661377,7.0,0,0,0,0,0.7896946668624878,0,0,2,0.0,1,0,0,3.623896837234497,0,0.0,0.7761046886444092,,1,0.467617005109787,8.333333333333334,0,0,0,0,0,,0.5039359927177429
207,124.0354413986206,0.0,0,0,0,0,0.2047230750322342,0,1,1,0.0,0,0,0,3.623896837234497,0,0.0,0.20471946895122528,,0,0.19903770089149475,0.0,0,0,0,0,0,,0.5034666657447815
208,124.63470840454102,0.0,0,0,0,0,0.2041952908039093,0,1,1,0.0,0,0,0,3.623896837234497,0,0.0,0.2041916847229004,,0,0.1985245645046234,0.0,0,0,0,0,0,,0.5047680139541626
209,125.23680925369263,0.0,0,0,0,0,0.40894362330436707,0,2,2,0.0,0,0,0,3.623896837234497,0,0.0,0.40893641114234924,,0,0.3975868225097656,0.0,0,0,0,0,0,,0.50408536195755
210,125.83917379379272,0.0,0,0,0,0,0.0,0,0,0,0.0,0,0,0,3.623896837234497,0,0.0,0.0,,0,0.0,0.0,0,0,0,0,0,,0.5045546889305115
211,126.4412214756012,0.0,0,1,0,0,1.337540626525879,0,1,3,0.0,0,0,0,3.623896837234497,0,0.0,1.2928197383880615,,0,0.6868141889572144,0.0,0,1,0,0,0,,0.5038933157920837
212,127.04349780082703,0.0,0,0,0,0,0.6313498020172119,0,1,2,0.0,0,0,0,3.623896837234497,0,0.0,0.5913164615631104,,0,0.2725892961025238,0.0,0,1,0,0,0,,0.5044479966163635
213,127.64257216453552,0.0,0,0,0,0,0.5944628715515137,0,1,2,0.0,1,0,0,3.623896837234497,0,0.0,0.5810708999633789,,0,0.3276680111885071,9.666666666666666,0,0,0,0,0,,0.5037226676940918
214,128.24581384658813,0.0,0,0,0,0,0.4085114598274231,0,2,2,0.0,0,0,0,3.623896837234497,0,0.0,0.4085042476654053,,0,0.3971666693687439,0.0,0,0,0,0,0,,0.5046186447143555
215,128.84412622451782,5.666666666666667,0,0,0,0,0.7874264121055603,0,0,2,0.0,1,0,0,3.6338741779327393,0,0.0,0.7738754153251648,,1,0.46627384424209595,7.666666666666667,0,0,0,0,0,,0.5040000081062317
216,129.44385504722595,6.333333333333333,0,0,0,0,0.39826032519340515,0,0,1,0.0,0,0,0,3.637868642807007,0,0.0,0.3980538845062256,,1,0.33745256066322327,0.0,0,0,0,0,0,,0.5042133331298828
217,130.0421061515808,9.0,0,0,0,0,0.40097424387931824,0,0,1,0.0,0,0,0,3.6184518337249756,0,0.0,0.40076640248298645,,1,0.33975207805633545,0.0,0,0,0,0,0,,0.5034880042076111
218,130.64209008216858,0.0,0,0,0,0,0.4094897210597992,0,2,2,0.0,0,0,0,3.6184518337249756,0,0.0,0.40948250889778137,,0,0.3981177508831024,0.0,0,0,0,0,0,,0.5041706562042236
219,131.240460395813,0.0,0,0,0,0,0.0,0,0,0,0.0,0,0,0,3.6184518337249756,0,0.0,0.0,,0,0.0,0.0,0,0,0,0,0,,0.5035733580589294
220,131.83932518959045,7.0,0,0,0,0,0.605417013168335,0,1,2,0.0,0,0,0,3.616859197616577,0,0.0,0.605205774307251,,1,0.5385652184486389,0.0,0,0,0,0,0,,0.5041919946670532
221,132.4377086162567,0.0,0,0,0,0,0.801010012626648,0,2,3,0.0,1,0,0,3.616859197616577,0,0.0,0.7875820398330688,,0,0.5278751850128174,11.666666666666666,0,0,0,0,0,,0.5034880042076111
222,133.03760743141174,0.0,0,0,0,0,0.40963536500930786,0,2,2,0.0,0,0,0,3.616859197616577,0,0.0,0.40962812304496765,,0,0.39825937151908875,0.0,0,0,0,0,0,,0.5042133331298828
223,133.63618922233582,0.0,0,0,0,0,0.0,0,0,0,0.0,0,0,0,3.616859197616577,0,0.0,0.0,,0,0.0,0.0,0,0,0,0,0,,0.5036799907684326
224,134.23591470718384,0.0,0,0,0,0,0.0,0,0,0,0.0,0,0,0,3.616859197616577,0,0.0,0.0,,0,0.0,0.0,0,0,0,0,0,,0.504149317741394
225,134.83440732955933,0.0,0,0,0,0,0.428708016872406,0,0,1,0.0,0,0,0,3.616859197616577,0,0.0,0.3885205388069153,,0,0.07423019409179688,0.0,0,1,0,0,0,,0.5034453272819519
226,135.44632816314697,0.0,0,0,0,0,0.8553138971328735,0,0,2,0.0,0,0,0,3.616859197616577,0,0.0,0.7751359939575195,,0,0.14809639751911163,0.0,0,2,0,0,0,,0.5046826601028442
227,136.04420137405396,8.333333333333334,0,0,0,0,0.40226924419403076,0,0,1,0.0,0,0,0,3.6037492752075195,0,0.0,0.40206071734428406,,1,0.340849369764328,0.0,0,0,0,0,0,,0.5039146542549133
228,136.6483874320984,0.0,0,0,0,0,0.2054150104522705,0,1,1,0.0,0,0,0,3.6037492752075195,0,0.0,0.2054113894701004,,0,0.1997104287147522,0.0,0,0,0,0,0,,0.5045760273933411
229,137.25064420700073,0.0,0,1,0,0,0.9149784445762634,0,1,2,0.0,0,0,0,3.6037492752075195,0,0.0,0.9103060364723206,,0,0.6161156296730042,0.0,0,0,0,0,0,,0.5039786696434021
230,137.85314083099365,0.0,0,0,0,0,0.20542369782924652,0,1,1,0.0,0,0,0,3.6037492752075195,0,0.0,0.20542007684707642,,0,0.1997188776731491,0.0,0,0,0,0,0,,0.5045546889305115
231,138.45149040222168,0.0,0,0,0,0,0.0,0,0,0,0.0,0,0,0,3.6037492752075195,0,0.0,0.0,,0,0.0,0.0,0,0,0,0,0,,0.5039786696434021
232,139.0524332523346,7.666666666666667,0,0,1,0,1.093422293663025,0,0,2,0.0,0,0,0,3.5966689586639404,0,13.666666666666666,0.9406176209449768,,1,0.38793858885765076,0.0,0,0,0,0,0,,0.5048320293426514
233,139.652667760849,8.333333333333334,0,0,0,0,0.40425989031791687,0,0,1,0.0,0,0,0,3.584031343460083,0,0.0,0.404050350189209,,1,0.3425360918045044,0.0,0,0,0,0,0,,0.5041919946670532
234,140.25165605545044,0.0,0,0,0,0,0.0,0,0,0,0.0,0,0,0,3.584031343460083,0,0.0,0.0,,0,0.0,0.0,0,0,0,0,0,,0.5038506388664246
235,140.8502552509308,9.0,0,0,0,0,0.40700504183769226,0,0,1,0.0,0,0,0,3.5660440921783447,0,0.0,0.4067940413951874,,1,0.34486207365989685,0.0,0,0,0,0,0,,0.5033173561096191
236,141.44977712631226,0.0,0,0,0,0,1.8166695833206177,0,0,1,0.0,0,0,0,3.5660440921783447,0,0.0,0.8837994933128357,,0,0.01977773942053318,0.0,0,0,0,1,0,,0.5046186447143555
237,142.04751682281494,9.666666666666666,0,0,0,0,0.619198203086853,0,1,2,0.0,0,0,0,3.542956590652466,0,0.0,0.6189821362495422,,1,0.5508245825767517,0.0,0,0,0,0,0,,0.5032533407211304
238,142.64606022834778,0.0,0,0,0,0,0.0,0,0,0,0.0,0,0,0,3.542956590652466,0,0.0,0.0,,0,0.0,0.0,0,0,0,0,0,,0.5038933157920837
239,143.24453735351562,0.0,0,0,1,0,0.9131442308425903,0,1,2,0.0,0,0,0,3.542956590652466,0,7.0,0.7577648758888245,,0,0.251540869474411,0.0,0,0,0,0,0,,0.5033173561096191
240,143.84300255775452,0.0,0,0,0,0,0.4184809625148773,0,2,2,0.0,0,0,0,3.542956590652466,0,0.0,0.41847357153892517,,0,0.40685930848121643,0.0,0,0,0,0,0,,0.5038506388664246
241,144.44181513786316,0.0,0,0,0,0,4.8872294425964355,0,1,2,12.333333333333334,0,0,0,3.542956590652466,0,0.0,1.1650407314300537,,0,0.20835117995738983,0.0,0,0,1,0,0,,0.5034026503562927
242,145.04045414924622,0.0,0,0,0,0,5.069930553436279,0,0,2,9.666666666666666,1,0,0,3.542956590652466,0,0.0,1.3391022682189941,,0,0.13631169497966766,13.0,0,0,1,0,0,,0.50408536195755
243,145.63889741897583,0.0,0,0,0,0,0.0,0,0,0,0.0,0,0,0,3.542956590652466,0,0.0,0.0,,0,0.0,0.0,0,0,0,0,0,,0.5034880042076111
244,146.23884439468384,0.0,0,0,0,0,0.0,0,0,0,0.0,0,0,0,3.542956590652466,0,0.0,0.0,,0,0.0,0.0,0,0,0,0,0,,0.5041066408157349
245,146.8382797241211,0.0,0,0,0,0,0.0,0,0,0,0.0,0,0,0,3.542956590652466,0,0.0,0.0,,0,0.0,0.0,0,0,0,0,0,,0.5032960176467896
246,147.43708157539368,0.0,0,0,0,0,0.20914305746555328,0,1,1,0.0,0,0,0,3.542956590652466,0,0.0,0.2091393619775772,,0,0.20333492755889893,0.0,0,0,0,0,0,,0.50408536195755
247,148.0355725288391,0.0,0,0,0,0,0.0,0,0,0,0.0,0,0,0,3.542956590652466,0,0.0,0.0,,0,0.0,0.0,0,0,0,0,0,,0.5035520195960999
248,148.64414763450623,0.0,0,0,0,0,0.3984125256538391,0,0,1,0.0,1,0,0,3.542956590652466,0,0.0,0.38472992181777954,,0,0.13156093657016754,13.0,0,0,0,0,0,,0.504149317741394
249,149.2427670955658,0.0,0,0,0,0,0.0,0,0,0,0.0,0,0,0,3.542956590652466,0,0.0,0.0,,0,0.0,0.0,0,0,0,0,0,,0.5034453272819519
250,149.85248184204102,0.0,0,0,1,0,0.9119459390640259,0,1,2,0.0,0,0,0,3.542956590652466,0,9.666666666666666,0.7567705512046814,,0,0.2512107789516449,0.0,0,0,0,0,0,,0.5039786696434021
251,150.45104837417603,0.0,0,0,0,0,0.2094089388847351,0,1,1,0.0,0,0,0,3.542956590652466,0,0.0,0.20940524339675903,,0,0.2035934329032898,0.0,0,0,0,0,0,,0.5034453272819519
252,151.04950404167175,0.0,0,1,0,0,0.7215215563774109,0,0,1,0.0,0,0,0,3.542956590652466,0,0.0,0.7167724370956421,,0,0.42332738637924194,0.0,0,0,0,0,0,,0.5039573311805725
253,151.64823150634766,0.0,0,0,0,0,0.0,0,0,0,0.0,0,0,0,3.542956590652466,0,0.0,0.0,,0,0.0,0.0,0,0,0,0,0,,0.5034666657447815
254,152.24821376800537,0.0,0,0,0,0,0.2090722769498825,0,1,1,0.0,0,0,0,3.542956590652466,0,0.0,0.20906858146190643,,0,0.20326611399650574,0.0,0,0,0,0,0,,0.504256010055542
255,152.84673404693604,0.0,0,0,0,0,0.0,0,0,0,0.0,0,0,0,3.542956590652466,0,0.0,0.0,,0,0.0,0.0,0,0,0,0,0,,0.5035733580589294
256,153.44660568237305,0.0,0,0,0,0,0.0,0,0,0,0.0,0,0,0,3.542956590652466,0,0.0,0.0,,0,0.0,0.0,0,0,0,0,0,,0.504256010055542
257,154.05732989311218,0.0,0,0,0,0,0.0,0,0,0,0.0,0,0,0,3.542956590652466,0,0.0,0.0,,0,0.0,0.0,0,0,0,0,0,,0.5034453272819519
258,154.65620708465576,0.0,0,0,0,0,0.0,0,0,0,0.0,0,0,0,3.542956590652466,0,0.0,0.0,,0,0.0,0.0,0,0,0,0,0,,0.5042346715927124
259,155.26452088356018,0.0,0,0,0,0,0.20936456322669983,0,1,1,0.0,0,0,0,3.542956590652466,0,0.0,0.20936086773872375,,0,0.2035502940416336,0.0,0,0,0,0,0,,0.5035520195960999
260,155.866304397583,0.0,0,1,0,0,1.117814540863037,0,0,2,0.0,1,0,0,3.542956590652466,0,0.0,1.0994150638580322,,0,0.5538131594657898,11.666666666666666,0,0,0,0,0,,0.5049813389778137
261,156.46823525428772,0.0,0,0,0,0,0.0,0,0,0,0.0,0,0,0,3.542956590652466,0,0.0,0.0,,0,0.0,0.0,0,0,0,0,0,,0.5039573311805725
262,157.06801223754883,0.0,0,0,1,0,1.347764015197754,0,1,3,0.0,0,0,0,3.542956590652466,0,22.333333333333332,1.1518052816390991,,0,0.32657739520072937,0.0,0,1,0,0,0,,0.5044906735420227
263,157.6702208518982,0.0,0,0,0,0,0.20915190875530243,0,1,1,0.0,0,0,0,3.542956590652466,0,0.0,0.20914821326732635,,0,0.20334354043006897,0.0,0,0,0,0,0,,0.5040640234947205
264,158.27259874343872,0.0,0,1,0,0,1.3467158079147339,0,3,4,0.0,0,0,0,3.542956590652466,0,0.0,1.3419640064239502,,0,1.0316529273986816,0.0,0,0,0,0,0,,0.5048533082008362
265,158.8748242855072,0.0,0,0,0,0,0.0,0,0,0,0.0,0,0,0,3.542956590652466,0,0.0,0.0,,0,0.0,0.0,0,0,0,0,0,,0.5039573311805725
266,159.4772617816925,0.0,0,0,0,0,0.0,0,0,0,0.0,0,0,0,3.542956590652466,0,0.0,0.0,,0,0.0,0.0,0,0,0,0,0,,0.5044053196907043
267,160.0774645805359,0.0,0,1,0,0,0.931506335735321,0,1,2,0.0,0,0,0,3.542956590652466,0,0.0,0.926749587059021,,0,0.6272450089454651,0.0,0,0,0,0,0,,0.5035306811332703
268,160.67950081825256,0.0,0,0,0,0,0.6069126725196838,0,1,2,0.0,1,0,0,3.542956590652466,0,0.0,0.5932402014732361,,0,0.3345303535461426,17.0,0,0,0,0,0,,0.5046613216400146
269,161.2777876853943,0.0,0,0,0,0,0.20919618010520935,0,1,1,0.0,0,0,0,3.542956590652466,0,0.0,0.20919249951839447,,0,0.203386589884758,0.0,0,0,0,0,0,,0.5039573311805725
270,161.8803939819336,0.0,0,0,0,0,0.20893967151641846,0,1,1,0.0,0,0,0,3.542956590652466,0,0.0,0.20893599092960358,,0,0.20313720405101776,0.0,0,0,0,0,0,,0.5045760273933411
271,162.48287510871887,0.0,0,0,0,0,0.0,0,0,0,0.0,0,0,0,3.542956590652466,0,0.0,0.0,,0,0.0,0.0,0,0,0,0,0,,0.504149317741394
272,163.0855576992035,0.0,0,0,0,0,0.0,0,0,0,0.0,0,0,0,3.542956590652466,0,0.0,0.0,,0,0.0,0.0,0,0,0,0,0,,0.5038506388664246
273,163.68485355377197,0.0,0,1,1,0,1.4244909286499023,0,0,2,0.0,0,0,0,3.542956590652466,0,39.0,1.2645431756973267,,0,0.4712221026420593,0.0,0,0,0,0,0,,0.5038933157920837
274,164.29257798194885,0.0,0,0,0,0,0.0,0,0,0,0.0,0,0,0,3.542956590652466,0,0.0,0.0,,0,0.0,0.0,0,0,0,0,0,,0.5038293600082397
275,164.89086723327637,0.0,0,0,0,0,0.0,0,0,0,0.0,0,0,0,3.542956590652466,0,0.0,0.0,,0,0.0,0.0,0,0,0,0,0,,0.5029546618461609
276,165.49097847938538,0.0,0,0,0,0,0.0,0,0,0,0.0,0,0,0,3.542956590652466,0,0.0,0.0,,0,0.0,0.0,0,0,0,0,0,,0.5037013292312622
277,166.08996605873108,0.0,0,0,0,0,0.0,0,0,0,0.0,0,0,0,3.542956590652466,0,0.0,0.0,,0,0.0,0.0,0,0,0,0,0,,0.5035306811332703
278,166.69189715385437,0.0,0,0,0,0,0.0,0,0,0,0.0,0,0,0,3.542956590652466,0,0.0,0.0,,0,0.0,0.0,0,0,0,0,0,,0.5038080215454102
279,167.29911732673645,0.0,0,0,0,0,0.2094799429178238,0,1,1,0.0,0,0,0,3.542956590652466,0,0.0,0.20947624742984772,,0,0.2036624699831009,0.0,0,0,0,0,0,,0.50327467918396
280,167.89957213401794,0.0,0,0,0,0,0.0,0,0,0,0.0,0,0,0,3.542956590652466,0,0.0,0.0,,0,0.0,0.0,0,0,0,0,0,,0.5044479966163635
281,168.4979691505432,0.0,0,0,0,0,0.4185163676738739,0,2,2,0.0,0,0,0,3.542956590652466,0,0.0,0.41850900650024414,,0,0.4068937301635742,0.0,0,0,0,0,0,,0.5038080215454102
282,169.10045433044434,0.0,0,0,0,0,0.0,0,0,0,0.0,0,0,0,3.542956590652466,0,0.0,0.0,,0,0.0,0.0,0,0,0,0,0,,0.5046826601028442
283,169.6987612247467,0.0,0,0,0,0,0.0,0,0,0,0.0,0,0,0,3.542956590652466,0,0.0,0.0,,0,0.0,0.0,0,0,0,0,0,,0.5039573311805725
284,170.29871582984924,0.0,0,0,0,0,0.0,0,0,0,0.0,0,0,0,3.542956590652466,0,0.0,0.0,,0,0.0,0.0,0,0,0,0,0,,0.5044479966163635
285,170.900785446167,0.0,0,0,0,0,0.0,0,0,0,0.0,0,0,0,3.542956590652466,0,0.0,0.0,,0,0.0,0.0,0,0,0,0,0,,0.5038293600082397
286,171.50320672988892,0.0,0,0,0,0,0.0,0,0,0,0.0,0,0,0,3.542956590652466,0,0.0,0.0,,0,0.0,0.0,0,0,0,0,0,,0.5045120120048523
287,172.1053273677826,0.0,0,0,0,0,0.0,0,0,0,0.0,0,0,0,3.542956590652466,0,0.0,0.0,,0,0.0,0.0,0,0,0,0,0,,0.5038719773292542
288,172.70800924301147,0.0,0,0,0,0,0.0,0,0,0,0.0,0,0,0,3.542956590652466,0,0.0,0.0,,0,0.0,0.0,0,0,0,0,0,,0.5048320293426514
289,173.31024074554443,0.0,0,0,0,0,0.0,0,0,0,0.0,0,0,0,3.542956590652466,0,0.0,0.0,,0,0.0,0.0,0,0,0,0,0,,0.5041919946670532
290,173.91218900680542,0.0,0,0,0,0,0.0,0,0,0,0.0,0,0,0,3.542956590652466,0,0.0,0.0,,0,0.0,0.0,0,0,0,0,0,,0.5043839812278748
291,174.511239528656,0.0,0,0,0,0,0.41865822672843933,0,2,2,0.0,0,0,0,3.542956590652466,0,0.0,0.4186508357524872,,0,0.4070316553115845,0.0,0,0,0,0,0,,0.5036373138427734
292,175.1139211654663,0.0,0,0,0,0,0.0,0,0,0,0.0,0,0,0,3.542956590652466,0,0.0,0.0,,0,0.0,0.0,0,0,0,0,0,,0.5041279792785645
293,175.72096490859985,0.0,0,0,0,0,0.0,0,0,0,0.0,0,0,0,3.542956590652466,0,0.0,0.0,,0,0.0,0.0,0,0,0,0,0,,0.5034026503562927
294,176.32990336418152,0.0,0,0,0,0,0.0,0,0,0,0.0,0,0,0,3.542956590652466,0,0.0,0.0,,0,0.0,0.0,0,0,0,0,0,,0.5041919946670532
295,176.94318532943726,0.0,0,0,0,0,0.0,0,0,0,0.0,0,0,0,3.542956590652466,0,0.0,0.0,,0,0.0,0.0,0,0,0,0,0,,0.5034666657447815
296,177.54125881195068,0.0,0,0,0,0,0.0,0,0,0,0.0,0,0,0,3.542956590652466,0,0.0,0.0,,0,0.0,0.0,0,0,0,0,0,,0.5034880042076111
297,178.13966917991638,0.0,0,0,0,0,0.0,0,0,0,0.0,0,0,0,3.542956590652466,0,0.0,0.0,,0,0.0,0.0,0,0,0,0,0,,0.5031039714813232
298,178.73929953575134,0.0,0,0,0,0,0.20895735919475555,0,1,1,0.0,0,0,0,3.542956590652466,0,0.0,0.20895366370677948,,0,0.20315438508987427,0.0,0,0,0,0,0,,0.5045333504676819
299,179.34144735336304,0.0,0,0,0,0,0.0,0,0,0,0.0,0,0,0,3.542956590652466,0,0.0,0.0,,0,0.0,0.0,0,0,0,0,0,,0.5039146542549133
300,179.94257497787476,0.0,0,0,0,0,0.0,0,0,0,0.0,0,0,0,3.542956590652466,0,0.0,0.0,,0,0.0,0.0,0,0,0,0,0,,0.5045546889305115
301,180.5447645187378,0.0,0,0,0,0,0.0,0,0,0,0.0,0,0,0,3.542956590652466,0,0.0,0.0,,0,0.0,0.0,0,0,0,0,0,,0.5039359927177429
302,181.14731121063232,0.0,0,0,0,0,1.8278121948242188,0,0,1,0.0,0,0,0,3.542956590652466,0,0.0,0.8892203569412231,,0,0.019899047911167145,0.0,0,0,0,1,0,,0.5048106908798218
303,181.74932098388672,0.0,0,0,0,0,0.0,0,0,0,0.0,0,0,0,3.542956590652466,0,0.0,0.0,,0,0.0,0.0,0,0,0,0,0,,0.5039146542549133
304,182.35190057754517,0.0,0,0,0,0,0.0,0,0,0,0.0,0,0,0,3.542956590652466,0,0.0,0.0,,0,0.0,0.0,0,0,0,0,0,,0.504746675491333
305,182.95109963417053,0.0,0,0,0,0,0.0,0,0,0,0.0,0,0,0,3.542956590652466,0,0.0,0.0,,0,0.0,0.0,0,0,0,0,0,,0.5037013292312622
306,183.55120468139648,0.0,0,0,0,0,0.0,0,0,0,0.0,0,0,0,3.542956590652466,0,0.0,0.0,,0,0.0,0.0,0,0,0,0,0,,0.5049600005149841
307,184.1656904220581,0.0,0,0,0,0,0.0,0,0,0,0.0,0,0,0,3.542956590652466,0,0.0,0.0,,0,0.0,0.0,0,0,0,0,0,,0.5035946369171143
308,184.76790761947632,0.0,0,0,0,0,0.0,0,0,0,0.0,0,0,0,3.542956590652466,0,0.0,0.0,,0,0.0,0.0,0,0,0,0,0,,0.5039573311805725
309,185.36641645431519,0.0,0,0,0,0,0.0,0,0,0,0.0,0,0,0,3.542956590652466,0,0.0,0.0,,0,0.0,0.0,0,0,0,0,0,,0.5035093426704407
310,185.96636629104614,0.0,0,0,0,0,0.0,0,0,0,0.0,0,0,0,3.542956590652466,0,0.0,0.0,,0,0.0,0.0,0,0,0,0,0,,0.504256010055542
311,186.57355451583862,0.0,0,0,0,0,0.0,0,0,0,0.0,0,0,0,3.542956590652466,0,0.0,0.0,,0,0.0,0.0,0,0,0,0,0,,0.5037226676940918
312,187.17651534080505,0.0,0,0,0,0,0.0,0,0,0,0.0,0,0,0,3.542956590652466,0,0.0,0.0,,0,0.0,0.0,0,0,0,0,0,,0.5050453543663025
313,187.77726006507874,0.0,0,0,0,0,0.0,0,0,0,0.0,0,0,0,3.542956590652466,0,0.0,0.0,,0,0.0,0.0,0,0,0,0,0,,0.5038719773292542
314,188.3774106502533,0.0,0,1,0,0,0.7203018665313721,0,0,1,0.0,0,0,0,3.542956590652466,0,0.0,0.715560793876648,,0,0.4226117730140686,0.0,0,0,0,0,0,,0.5048106908798218
315,188.97957110404968,0.0,0,0,0,0,0.0,0,0,0,0.0,0,0,0,3.542956590652466,0,0.0,0.0,,0,0.0,0.0,0,0,0,0,0,,0.5039359927177429
316,189.5788643360138,0.0,0,0,0,0,0.0,0,0,0,0.0,0,0,0,3.542956590652466,0,0.0,0.0,,0,0.0,0.0,0,0,0,0,0,,0.5038293600082397
317,190.18359994888306,0.0,0,0,0,0,0.0,0,0,0,0.0,0,0,0,3.542956590652466,0,0.0,0.0,,0,0.0,0.0,0,0,0,0,0,,0.5033386945724487
318,190.78275299072266,0.0,0,0,0,0,0.2089838683605194,0,1,1,0.0,0,0,0,3.542956590652466,0,0.0,0.20898017287254333,,0,0.20318016409873962,0.0,0,0,0,0,0,,0.5044693350791931
319,191.38446712493896,0.0,0,0,0,0,0.0,0,0,0,0.0,0,0,0,3.542956590652466,0,0.0,0.0,,0,0.0,0.0,0,0,0,0,0,,0.5034239888191223
320,191.98356175422668,0.0,0,0,0,0,0.0,0,0,0,0.0,0,0,0,3.542956590652466,0,0.0,0.0,,0,0.0,0.0,0,0,0,0,0,,0.5047893524169922
321,192.5856590270996,0.0,0,0,0,0,0.20921391248703003,0,1,1,0.0,0,0,0,3.542956590652466,0,0.0,0.20921021699905396,,0,0.20340381562709808,0.0,0,0,0,0,0,,0.5039146542549133
322,193.1884434223175,0.0,0,0,0,0,2.035536766052246,0,1,2,0.0,0,0,0,3.542956590652466,0,0.0,1.0974563360214233,,0,0.22281943261623383,0.0,0,0,0,1,0,,0.5050879716873169
323,193.78983616828918,0.0,0,1,0,0,0.7223471999168396,0,0,1,0.0,0,0,0,3.542956590652466,0,0.0,0.7175926566123962,,0,0.42381182312965393,0.0,0,0,0,0,0,,0.5033813118934631
324,194.40022110939026,0.0,0,0,0,0,0.0,0,0,0,0.0,0,0,0,3.542956590652466,0,0.0,0.0,,0,0.0,0.0,0,0,0,0,0,,0.5045760273933411
325,195.00090265274048,0.0,0,0,0,0,0.0,0,0,0,0.0,0,0,0,3.542956590652466,0,0.0,0.0,,0,0.0,0.0,0,0,0,0,0,,0.5038080215454102
326,195.60324692726135,0.0,0,0,0,0,0.20886020362377167,0,1,1,0.0,0,0,0,3.542956590652466,0,0.0,0.2088565230369568,,0,0.20305994153022766,0.0,0,0,0,0,0,,0.5047680139541626
327,196.20713257789612,0.0,0,0,0,0,0.0,0,0,0,0.0,0,0,0,3.542956590652466,0,0.0,0.0,,0,0.0,0.0,0,0,0,0,0,,0.5031466484069824
328,196.81780648231506,0.0,0,0,0,0,0.0,0,0,0,0.0,0,0,0,3.542956590652466,0,0.0,0.0,,0,0.0,0.0,0,0,0,0,0,,0.5048320293426514
329,197.41875076293945,0.0,0,0,0,0,0.0,0,0,0,0.0,0,0,0,3.542956590652466,0,0.0,0.0,,0,0.0,0.0,0,0,0,0,0,,0.5038933157920837
330,198.02143120765686,0.0,0,0,0,0,0.0,0,0,0,0.0,0,0,0,3.542956590652466,0,0.0,0.0,,0,0.0,0.0,0,0,0,0,0,,0.5048533082008362
331,198.62228798866272,0.0,0,0,0,0,0.0,0,0,0,0.0,0,0,0,3.542956590652466,0,0.0,0.0,,0,0.0,0.0,0,0,0,0,0,,0.5039573311805725
332,199.22203254699707,0.0,0,0,0,0,0.0,0,0,0,0.0,0,0,0,3.542956590652466,0,0.0,0.0,,0,0.0,0.0,0,0,0,0,0,,0.5044266581535339
333,199.82434701919556,0.0,0,0,0,0,0.0,0,0,0,0.0,0,0,0,3.542956590652466,0,0.0,0.0,,0,0.0,0.0,0,0,0,0,0,,0.5038719773292542
334,200.4269881248474,0.0,0,0,0,0,0.0,0,0,0,0.0,0,0,0,3.542956590652466,0,0.0,0.0,,0,0.0,0.0,0,0,0,0,0,,0.5049600005149841
335,201.02885389328003,0.0,0,0,0,0,0.0,0,0,0,0.0,0,0,0,3.542956590652466,0,0.0,0.0,,0,0.0,0.0,0,0,0,0,0,,0.5038506388664246
336,201.63253927230835,5.0,0,1,0,0,1.1240073442459106,0,0,2,0.0,0,0,0,3.559401750564575,0,0.0,1.1190754175186157,,1,0.7654663324356079,0.0,0,0,0,0,0,,0.5045973062515259
337,202.23473525047302,0.0,0,0,0,0,0.20819440484046936,0,1,1,0.0,0,0,0,3.559401750564575,0,0.0,0.20819072425365448,,0,0.20241262018680573,0.0,0,0,0,0,0,,0.5040426850318909
338,202.8370931148529,0.0,0,0,0,0,4.645558834075928,0,0,1,11.0,0,0,0,3.559401750564575,0,0.0,0.9490307569503784,,0,0.00470780348405242,0.0,0,0,1,0,0,,0.5045546889305115
339,203.44578170776367,0.0,0,0,0,0,0.43585005402565,0,0,1,0.0,0,0,0,3.559401750564575,0,0.0,0.3949930667877197,,0,0.0754668265581131,0.0,0,1,0,0,0,,0.5031893253326416
340,204.05523252487183,0.0,0,0,0,0,0.0,0,0,0,0.0,0,0,0,3.559401750564575,0,0.0,0.0,,0,0.0,0.0,0,0,0,0,0,,0.504917323589325
341,204.6561393737793,0.0,0,0,0,0,0.0,0,0,0,0.0,0,0,0,3.559401750564575,0,0.0,0.0,,0,0.0,0.0,0,0,0,0,0,,0.5039146542549133
342,205.25777530670166,0.0,0,0,0,0,0.20830020308494568,0,1,1,0.0,0,0,0,3.559401750564575,0,0.0,0.2082965224981308,,0,0.20251548290252686,0.0,0,0,0,0,0,,0.5037866830825806
343,205.85638117790222,0.0,0,0,0,0,0.0,0,0,0,0.0,0,0,0,3.559401750564575,0,0.0,0.0,,0,0.0,0.0,0,0,0,0,0,,0.5034026503562927
344,206.45543432235718,0.0,0,0,0,0,0.0,0,0,0,0.0,0,0,0,3.559401750564575,0,0.0,0.0,,0,0.0,0.0,0,0,0,0,0,,0.5044053196907043
